Subfamily,Genus,Species,URL,View
Amblyoponinae,Myopopone,castanea,https://www.antweb.org/images/casent0104580/casent0104580_d_1_high.jpg,Dorsal
Amblyoponinae,Myopopone,castanea,https://www.antweb.org/images/casent0104580/casent0104580_h_1_high.jpg,Fullface
Amblyoponinae,Myopopone,castanea,https://www.antweb.org/images/casent0104580/casent0104580_p_1_high.jpg,Profile
Amblyoponinae,Prionopelta ,kraepelini,https://www.antweb.org/images/casent0172314/casent0172314_d_1_high.jpg,Dorsal
Amblyoponinae,Prionopelta ,kraepelini,https://www.antweb.org/images/casent0172314/casent0172314_h_1_high.jpg,Fullface
Amblyoponinae,Prionopelta ,kraepelini,https://www.antweb.org/images/casent0172314/casent0172314_p_1_high.jpg,Profile
Amblyoponinae,Stigmatomma,bellii,https://www.antweb.org/images/casent0179569/casent0179569_d_1_high.jpg,Dorsal
Amblyoponinae,Stigmatomma,bellii,https://www.antweb.org/images/casent0179569/casent0179569_h_1_high.jpg,Fullface
Amblyoponinae,Stigmatomma,bellii,https://www.antweb.org/images/casent0179569/casent0179569_p_1_high.jpg,Profile
Amblyoponinae,Stigmatomma,minutum,https://www.antweb.org/images/casent0102516/casent0102516_d_1_high.jpg,Dorsal
Amblyoponinae,Stigmatomma,minutum,https://www.antweb.org/images/casent0102516/casent0102516_h_1_high.jpg,Fullface
Amblyoponinae,Stigmatomma,minutum,https://www.antweb.org/images/casent0102516/casent0102516_p_1_high.jpg,Profile
Aneuretinae,Aneuretus,simoni,https://www.antweb.org/images/casent0102370/casent0102370_d_1_high.jpg,Dorsal
Aneuretinae,Aneuretus,simoni,https://www.antweb.org/images/casent0102370/casent0102370_h_1_high.jpg,Fullface
Aneuretinae,Aneuretus,simoni,https://www.antweb.org/images/casent0102370/casent0102370_p_1_high.jpg,Profile
Aneuretinae,Aneuretus,simoni,https://www.antweb.org/images/casent0010853/casent0010853_d_1_high.jpg,Dorsal
Aneuretinae,Aneuretus,simoni,https://www.antweb.org/images/casent0010853/casent0010853_h_1_high.jpg,Fullface
Aneuretinae,Aneuretus,simoni,https://www.antweb.org/images/casent0010853/casent0010853_p_1_high.jpg,Profile
Aneuretinae,Aneuretus,simoni,https://www.antweb.org/images/casent0172258/casent0172258_d_1_high.jpg,Dorsal
Aneuretinae,Aneuretus,simoni,https://www.antweb.org/images/casent0172258/casent0172258_h_1_high.jpg,Fullface
Aneuretinae,Aneuretus,simoni,https://www.antweb.org/images/casent0172258/casent0172258_p_1_high.jpg,Profile
Aneuretinae,Aneuretus,simoni,https://www.antweb.org/images/casent0905041/casent0905041_d_1_high.jpg,Dorsal
Aneuretinae,Aneuretus,simoni,https://www.antweb.org/images/casent0905041/casent0905041_h_1_high.jpg,Fullface
Aneuretinae,Aneuretus,simoni,https://www.antweb.org/images/casent0905041/casent0905041_p_1_high.jpg,Profile
Aneuretinae,Aneuretus,simoni,https://www.antweb.org/images/casent0007014/casent0007014_d_1_high.jpg,Dorsal
Aneuretinae,Aneuretus,simoni,https://www.antweb.org/images/casent0007014/casent0007014_h_1_high.jpg,Fullface
Aneuretinae,Aneuretus,simoni,https://www.antweb.org/images/casent0007014/casent0007014_p_1_high.jpg,Profile
Aneuretinae,Aneuretus,simoni,https://www.antweb.org/images/casent0102369/casent0102369_d_1_high.jpg,Dorsal
Aneuretinae,Aneuretus,simoni,https://www.antweb.org/images/casent0102369/casent0102369_h_1_high.jpg,Fullface
Aneuretinae,Aneuretus,simoni,https://www.antweb.org/images/casent0102369/casent0102369_p_1_high.jpg,Profile
Aneuretinae,Aneuretus,simoni,https://www.antweb.org/images/casent0172259/casent0172259_d_1_high.jpg,Dorsal
Aneuretinae,Aneuretus,simoni,https://www.antweb.org/images/casent0172259/casent0172259_h_1_high.jpg,Fullface
Aneuretinae,Aneuretus,simoni,https://www.antweb.org/images/casent0172259/casent0172259_p_1_high.jpg,Profile
Dorylinae,Aenictus,aitkenii,https://www.antweb.org/images/casent0905981/casent0905981_d_1_high.jpg,Dorsal
Dorylinae,Aenictus,aitkenii,https://www.antweb.org/images/casent0905981/casent0905981_h_1_high.jpg,Fullface
Dorylinae,Aenictus,aitkenii,https://www.antweb.org/images/casent0905981/casent0905981_p_1_high.jpg,Profile
Dorylinae,Aenictus,biroi,https://www.antweb.org/images/casent0905989/casent0905989_d_1_high.jpg,Dorsal
Dorylinae,Aenictus,biroi,https://www.antweb.org/images/casent0905989/casent0905989_h_1_high.jpg,Fullface
Dorylinae,Aenictus,biroi,https://www.antweb.org/images/casent0905989/casent0905989_p_1_high.jpg,Profile
Dorylinae,Aenictus,ceylonicus,https://www.antweb.org/images/casent0217373/casent0217373_d_1_high.jpg,Dorsal
Dorylinae,Aenictus,ceylonicus,https://www.antweb.org/images/casent0217373/casent0217373_h_1_high.jpg,Fullface
Dorylinae,Aenictus,ceylonicus,https://www.antweb.org/images/casent0217373/casent0217373_p_1_high.jpg,Profile
Dorylinae,Aenictus,gracilis,https://www.antweb.org/images/casent0217376/casent0217376_d_1_high.jpg,Dorsal
Dorylinae,Aenictus,gracilis,https://www.antweb.org/images/casent0217376/casent0217376_h_1_high.jpg,Fullface
Dorylinae,Aenictus,gracilis,https://www.antweb.org/images/casent0217376/casent0217376_p_1_high.jpg,Profile
Dorylinae,Aenictus,pachycerus,https://www.antweb.org/images/casent0217379/casent0217379_d_1_high.jpg,Dorsal
Dorylinae,Aenictus,pachycerus,https://www.antweb.org/images/casent0217379/casent0217379_h_1_high.jpg,Fullface
Dorylinae,Aenictus,pachycerus,https://www.antweb.org/images/casent0217379/casent0217379_p_1_high.jpg,Profile
Dorylinae,Aenictus,porizonoides,https://www.antweb.org/images/casent0902689/casent0902689_d_1_high.jpg,Dorsal
Dorylinae,Aenictus,porizonoides,https://www.antweb.org/images/casent0902689/casent0902689_h_1_high.jpg,Fullface
Dorylinae,Aenictus,porizonoides,https://www.antweb.org/images/casent0902689/casent0902689_p_1_high.jpg,Profile
Dorylinae,Ooceraea,biroi,https://www.antweb.org/images/casent0106215/casent0106215_d_1_high.jpg,Dorsal
Dorylinae,Ooceraea,biroi,https://www.antweb.org/images/casent0055090/casent0055090_h_1_high.jpg,Fullface
Dorylinae,Ooceraea,biroi,https://www.antweb.org/images/casent0106215/casent0106215_p_1_high.jpg,Profile
Dorylinae,Ooceraea,coeca,https://www.antwiki.org/wiki/images/thumb/b/b9/Ooceraea_coeca_casent0922424_d_1_high.jpg/800px-Ooceraea_coeca_casent0922424_d_1_high.jpg,Dorsal
Dorylinae,Ooceraea,coeca,https://www.antwiki.org/wiki/images/thumb/1/1f/Ooceraea_coeca_casent0922424_p_1_high.jpg/800px-Ooceraea_coeca_casent0922424_p_1_high.jpg,Profile
Dorylinae,Ooceraea,fragosa,https://www.antweb.org/images/casent0106215/casent0106215_d_1_high.jpg,Dorsal
Dorylinae,Ooceraea,fragosa,https://www.antweb.org/images/casent0106215/casent0106215_h_1_high.jpg,Fullface
Dorylinae,Ooceraea,fragosa,https://www.antweb.org/images/casent0106215/casent0106215_p_1_high.jpg,Profile
Dorylinae,Parasyscia,fossulata,https://www.antweb.org/images/focol0797/focol0797_d_1_high.jpg,Dorsal
Dorylinae,Parasyscia,fossulata,https://www.antweb.org/images/focol0797/focol0797_h_1_high.jpg,Fullface
Dorylinae,Parasyscia,fossulata,https://www.antweb.org/images/focol0797/focol0797_p_1_high.jpg,Profile
Dorylinae,Parasyscia,luteoviger,https://www.antweb.org/images/casent0902744/casent0902744_d_1_high.jpg,Dorsal
Dorylinae,Parasyscia,luteoviger,https://www.antweb.org/images/casent0902744/casent0902744_h_1_high.jpg,Fullface
Dorylinae,Parasyscia,luteoviger,https://www.antweb.org/images/casent0902744/casent0902744_p_1_high.jpg,Profile
Dorylinae,Dorylus,orientalis,https://www.antweb.org/images/casent0217468/casent0217468_d_1_high.jpg,Dorsal
Dorylinae,Dorylus,orientalis,https://www.antweb.org/images/casent0217468/casent0217468_h_1_high.jpg,Fullface
Dorylinae,Dorylus,orientalis,https://www.antweb.org/images/casent0217468/casent0217468_p_1_high.jpg,Profile
Dorylinae,Dorylus,laevigatus,https://www.antweb.org/images/casent0179069/casent0179069_d_1_high.jpg,Dorsal
Dorylinae,Dorylus,laevigatus,https://www.antweb.org/images/casent0179069/casent0179069_h_1_high.jpg,Fullface
Dorylinae,Dorylus,laevigatus,https://www.antweb.org/images/casent0179069/casent0179069_p_1_high.jpg,Profile
Dolichoderinae,Dolichoderus,taprobanae,https://www.antweb.org/images/casent0249574/casent0249574_d_1_high.jpg,Dorsal
Dolichoderinae,Dolichoderus,taprobanae,https://www.antweb.org/images/casent0249574/casent0249574_h_1_high.jpg,Fullface
Dolichoderinae,Dolichoderus,taprobanae,https://www.antweb.org/images/casent0249574/casent0249574_p_1_high.jpg,Profile
Dolichoderinae,Dolichoderus,thoracicus,https://www.antwiki.org/wiki/images/b/b6/Dolichoderus_bituberculatus_ANIC32-014988_top_40-Antwiki.jpg,Dorsal
Dolichoderinae,Dolichoderus,thoracicus,https://www.antwiki.org/wiki/images/8/8e/Dolichoderus_bituberculatus_ANIC32-014988_head_63-Antwiki.jpg,Fullface
Dolichoderinae,Dolichoderus,thoracicus,https://www.antwiki.org/wiki/images/9/97/Dolichoderus_bituberculatus_ANIC32-014988_side_40-Antwiki.jpg,Profile
Dolichoderinae,Ochetellus,glaber,https://www.antweb.org/images/casent0173321/casent0173321_d_1_high.jpg,Dorsal
Dolichoderinae,Ochetellus,glaber,https://www.antweb.org/images/casent0173321/casent0173321_h_1_high.jpg,Fullface
Dolichoderinae,Ochetellus,glaber,https://www.antweb.org/images/casent0173321/casent0173321_p_1_high.jpg,Profile
Dolichoderinae,Tapinoma,annadalei,https://www.antweb.org/images/casent0172851/casent0172851_d_1_high.jpg,Dorsal
Dolichoderinae,Tapinoma,annadalei,https://www.antweb.org/images/casent0172851/casent0172851_h_1_high.jpg,Fullface
Dolichoderinae,Tapinoma,annadalei,https://www.antweb.org/images/casent0172851/casent0172851_p_1_high.jpg,Profile
Dolichoderinae,Tapinoma,melanocephalum,https://www.antweb.org/images/casent0008659/casent0008659_d_1_high.jpg,Dorsal
Dolichoderinae,Tapinoma,melanocephalum,https://www.antweb.org/images/casent0008659/casent0008659_h_1_high.jpg,Fullface
Dolichoderinae,Tapinoma,melanocephalum,https://www.antweb.org/images/casent0008659/casent0008659_p_1_high.jpg,Profile
Dolichoderinae,Tapinoma,melanocephalum,https://antwiki.org/wiki/images/b/b6/Tapinoma_melanocephalum_casent0173215_dorsal_1.jpg,Dorsal
Dolichoderinae,Tapinoma,melanocephalum,https://antwiki.org/wiki/images/8/86/Tapinoma_melanocephalum_casent0173215_head_1.jpg,Fullface
Dolichoderinae,Tapinoma,melanocephalum,https://antwiki.org/wiki/images/6/6e/Tapinoma_melanocephalum_casent0173215_profile_1.jpg,Profile
Dolichoderinae,Tapinoma,indicum,https://www.antwiki.org/wiki/images/thumb/5/52/Tapinoma_indicum_casent0249761_d_1_high.jpg/800px-Tapinoma_indicum_casent0249761_d_1_high.jpg,Dorsal
Dolichoderinae,Tapinoma,indicum,https://www.antwiki.org/wiki/images/thumb/6/61/Tapinoma_indicum_casent0249761_h_1_high.jpg/788px-Tapinoma_indicum_casent0249761_h_1_high.jpg,Fullface
Dolichoderinae,Tapinoma,indicum,https://www.antwiki.org/wiki/images/thumb/f/f1/Tapinoma_indicum_casent0249761_p_1_high.jpg/669px-Tapinoma_indicum_casent0249761_p_1_high.jpg,Profile
Dolichoderinae,Technomyrmex,albipes,https://www.antweb.org/images/casent0055965/casent0055965_d_1_high.jpg,Dorsal
Dolichoderinae,Technomyrmex,albipes,https://www.antweb.org/images/casent0055965/casent0055965_h_1_high.jpg,Fullface
Dolichoderinae,Technomyrmex,albipes,https://www.antweb.org/images/casent0055965/casent0055965_p_1_high.jpg,Profile
Dolichoderinae,Technomyrmex,bicolor,https://www.antweb.org/images/casent0905071/casent0905071_d_1_high.jpg,Dorsal
Dolichoderinae,Technomyrmex,bicolor,https://www.antweb.org/images/casent0905071/casent0905071_h_1_high.jpg,Fullface
Dolichoderinae,Technomyrmex,bicolor,https://www.antweb.org/images/casent0905071/casent0905071_p_1_high.jpg,Profile
Dolichoderinae,Technomyrmex,elatior,https://www.antwiki.org/wiki/images/thumb/d/df/Technomyrmex_elatior_casent0249783_d_1_high.jpg/773px-Technomyrmex_elatior_casent0249783_d_1_high.jpg,Dorsal
Dolichoderinae,Technomyrmex,elatior,https://www.antwiki.org/wiki/images/thumb/e/e7/Technomyrmex_elatior_casent0249783_h_1_high.jpg/764px-Technomyrmex_elatior_casent0249783_h_1_high.jpg,Fullface
Dolichoderinae,Technomyrmex,elatior,https://www.antwiki.org/wiki/images/thumb/a/a8/Technomyrmex_elatior_casent0249783_p_1_high.jpg/800px-Technomyrmex_elatior_casent0249783_p_1_high.jpg,Profile
Dolichoderinae,Technomyrmex,schimmeri,https://www.antweb.org/images/focol2877/focol2877_d_1_high.jpg,Dorsal
Dolichoderinae,Technomyrmex,schimmeri,https://www.antweb.org/images/focol2877/focol2877_h_1_high.jpg,Fullface
Dolichoderinae,Technomyrmex,schimmeri,https://www.antweb.org/images/focol2877/focol2877_p_1_high.jpg,Profile
Ectatomminae,Gnamptogenys,coxalis,https://www.antweb.org/images/casent0010662/casent0010662_d_1_high.jpg,Dorsal
Ectatomminae,Gnamptogenys,coxalis,https://www.antweb.org/images/casent0010662/casent0010662_h_1_high.jpg,Fullface
Ectatomminae,Gnamptogenys,coxalis,https://www.antweb.org/images/casent0010662/casent0010662_p_1_high.jpg,Profile
Ectatomminae,Gnamptogenys,sinhala,https://www.antweb.org/images/casent0915911/casent0915911_d_1_high.jpg,Dorsal
Ectatomminae,Gnamptogenys,sinhala,https://www.antweb.org/images/casent0915911/casent0915911_h_1_high.jpg,Fullface
Ectatomminae,Gnamptogenys,sinhala,https://www.antweb.org/images/casent0915911/casent0915911_p_1_high.jpg,Profile
Formicinae,Acropyga ,acutiventris,https://www.antweb.org/images/casent0106009/casent0106009_d_1_high.jpg,Dorsal
Formicinae,Acropyga ,acutiventris,https://www.antweb.org/images/casent0106009/casent0106009_h_1_high.jpg,Fullface
Formicinae,Acropyga ,acutiventris,https://www.antweb.org/images/casent0106009/casent0106009_p_1_high.jpg,Profile
Formicinae,Acropyga ,rubescens,https://www.antweb.org/images/casent0903175/casent0903175_d_1_high.jpg,Dorsal
Formicinae,Acropyga ,rubescens,https://www.antweb.org/images/casent0903175/casent0903175_h_1_high.jpg,Fullface
Formicinae,Acropyga ,rubescens,https://www.antweb.org/images/casent0903175/casent0903175_p_1_high.jpg,Profile
Formicinae,Anoplolepis,gracilipes,https://www.antweb.org/images/casent0188536/casent0188536_d_1_high.jpg,Dorsal
Formicinae,Anoplolepis,gracilipes,https://www.antweb.org/images/casent0188536/casent0188536_h_1_high.jpg,Fullface
Formicinae,Anoplolepis,gracilipes,https://www.antweb.org/images/casent0188536/casent0188536_p_1_high.jpg,Profile
Formicinae,Camponotus,albipes,https://www.antweb.org/images/casent0905459/casent0905459_d_1_high.jpg,Dorsal
Formicinae,Camponotus,albipes,https://www.antweb.org/images/casent0905459/casent0905459_h_1_high.jpg,Fullface
Formicinae,Camponotus,albipes,https://www.antweb.org/images/casent0905459/casent0905459_p_1_high.jpg,Profile
Formicinae,Camponotus,auriculatus,https://www.antweb.org/images/casent0915603/casent0915603_d_1_high.jpg,Dorsal
Formicinae,Camponotus,auriculatus,https://www.antweb.org/images/casent0915603/casent0915603_h_1_high.jpg,Fullface
Formicinae,Camponotus,auriculatus,https://www.antweb.org/images/casent0915603/casent0915603_p_1_high.jpg,Profile
Formicinae,Camponotus,barbatus,https://www.antweb.org/images/casent0906999/casent0906999_d_1_high.jpg,Dorsal
Formicinae,Camponotus,barbatus,https://www.antweb.org/images/casent0906999/casent0906999_h_1_high.jpg,Fullface
Formicinae,Camponotus,barbatus,https://www.antweb.org/images/casent0906999/casent0906999_p_1_high.jpg,Profile
Formicinae,Camponotus,compressus,https://www.antweb.org/images/casent0249972/casent0249972_d_1_high.jpg,Dorsal
Formicinae,Camponotus,compressus,https://www.antweb.org/images/casent0249972/casent0249972_h_1_high.jpg,Fullface
Formicinae,Camponotus,compressus,https://www.antweb.org/images/casent0249972/casent0249972_p_1_high.jpg,Profile
Formicinae,Camponotus,fletcheri,https://www.antweb.org/images/casent0903578/casent0903578_d_1_high.jpg,Dorsal
Formicinae,Camponotus,fletcheri,https://www.antweb.org/images/casent0903578/casent0903578_h_1_high.jpg,Fullface
Formicinae,Camponotus,fletcheri,https://www.antweb.org/images/casent0903578/casent0903578_p_1_high.jpg,Profile
Formicinae,Camponotus,greeni,https://www.antweb.org/images/casent0910540/casent0910540_d_1_high.jpg,Dorsal
Formicinae,Camponotus,greeni,https://www.antweb.org/images/casent0910540/casent0910540_h_1_high.jpg,Fullface
Formicinae,Camponotus,greeni,https://www.antweb.org/images/casent0910540/casent0910540_p_1_high.jpg,Profile
Formicinae,Camponotus,indeflexus,https://www.antweb.org/images/casent0903580/casent0903580_d_1_high.jpg,Dorsal
Formicinae,Camponotus,indeflexus,https://www.antweb.org/images/casent0903580/casent0903580_h_1_high.jpg,Fullface
Formicinae,Camponotus,indeflexus,https://www.antweb.org/images/casent0903580/casent0903580_p_1_high.jpg,Profile
Formicinae,Camponotus,irritans,https://www.antweb.org/images/casent0901899/casent0901899_d_1_high.jpg,Dorsal
Formicinae,Camponotus,irritans,https://www.antweb.org/images/casent0901899/casent0901899_h_1_high.jpg,Fullface
Formicinae,Camponotus,irritans,https://www.antweb.org/images/casent0901899/casent0901899_p_1_high.jpg,Profile
Formicinae,Camponotus,isabellae,https://www.antweb.org/images/casent0910539/casent0910539_d_1_high.jpg,Dorsal
Formicinae,Camponotus,isabellae,https://www.antweb.org/images/casent0910539/casent0910539_h_1_high.jpg,Fullface
Formicinae,Camponotus,isabellae,https://www.antweb.org/images/casent0910539/casent0910539_p_1_high.jpg,Profile
Formicinae,Camponotus,latebrosus,https://www.antweb.org/images/casent0903584/casent0903584_d_1_high.jpg,Dorsal
Formicinae,Camponotus,latebrosus,https://www.antweb.org/images/casent0903584/casent0903584_h_1_high.jpg,Fullface
Formicinae,Camponotus,latebrosus,https://www.antweb.org/images/casent0903584/casent0903584_p_1_high.jpg,Profile
Formicinae,Camponotus,mendax,https://www.antweb.org/images/casent0910448/casent0910448_d_1_high.jpg,Dorsal
Formicinae,Camponotus,mendax,https://www.antweb.org/images/casent0910448/casent0910448_h_1_high.jpg,Fullface
Formicinae,Camponotus,mendax,https://www.antweb.org/images/casent0910448/casent0910448_p_1_high.jpg,Profile
Formicinae,Camponotus,mitis,https://www.antweb.org/images/casent0903590/casent0903590_d_1_high.jpg,Dorsal
Formicinae,Camponotus,mitis,https://www.antweb.org/images/casent0903590/casent0903590_h_1_high.jpg,Fullface
Formicinae,Camponotus,mitis,https://www.antweb.org/images/casent0903590/casent0903590_p_1_high.jpg,Profile
Formicinae,Camponotus,nirvanae,https://www.antweb.org/images/casent0910542/casent0910542_d_1_high.jpg,Dorsal
Formicinae,Camponotus,nirvanae,https://www.antweb.org/images/casent0910542/casent0910542_h_1_high.jpg,Fullface
Formicinae,Camponotus,nirvanae,https://www.antweb.org/images/casent0910542/casent0910542_p_1_high.jpg,Profile
Formicinae,Camponotus,ominosus,https://www.antweb.org/images/casent0910522/casent0910522_d_1_high.jpg,Dorsal
Formicinae,Camponotus,ominosus,https://www.antweb.org/images/casent0910522/casent0910522_h_1_high.jpg,Fullface
Formicinae,Camponotus,ominosus,https://www.antweb.org/images/casent0910522/casent0910522_p_1_high.jpg,Profile
Formicinae,Camponotus,opaciventris,https://www.antwiki.org/wiki/images/thumb/9/98/Wachkoo-%26-Akbar-2016-9_had.jpg/702px-Wachkoo-%26-Akbar-2016-9_had.jpg,Dorsal
Formicinae,Camponotus,opaciventris,https://www.antwiki.org/wiki/images/thumb/f/fc/Wachkoo-%26-Akbar-2016-9_hef.jpg/537px-Wachkoo-%26-Akbar-2016-9_hef.jpg,Fullface
Formicinae,Camponotus,opaciventris,https://www.antwiki.org/wiki/images/5/5d/Wachkoo-%26-Akbar-2016-9_hal.jpg,Profile
Formicinae,Camponotus,parius,https://www.antweb.org/images/casent0280277/casent0280277_d_1_high.jpg,Dorsal
Formicinae,Camponotus,parius,https://www.antweb.org/images/casent0280277/casent0280277_h_1_high.jpg,Fullface
Formicinae,Camponotus,parius,https://www.antweb.org/images/casent0280277/casent0280277_p_1_high.jpg,Profile
Formicinae,Camponotus,reticulatus,https://www.antweb.org/images/fmnhins0000065577/fmnhins0000065577_d_1_high.jpg,Dorsal
Formicinae,Camponotus,reticulatus,https://www.antweb.org/images/fmnhins0000065577/fmnhins0000065577_h_1_high.jpg,Fullface
Formicinae,Camponotus,reticulatus,https://www.antweb.org/images/fmnhins0000065577/fmnhins0000065577_p_1_high.jpg,Profile
Formicinae,Camponotus,rufoglaucs,https://www.antweb.org/images/casent0066892/casent0066892_d_1_high.jpg,Dorsal
Formicinae,Camponotus,rufoglaucs,https://www.antweb.org/images/casent0066892/casent0066892_h_1_high.jpg,Fullface
Formicinae,Camponotus,rufoglaucs,https://www.antweb.org/images/casent0066892/casent0066892_p_1_high.jpg,Profile
Formicinae,Camponotus,sericeus,https://www.antweb.org/images/casent0104896/casent0104896_d_1_high.jpg,Dorsal
Formicinae,Camponotus,sericeus,https://www.antweb.org/images/casent0104896/casent0104896_h_1_high.jpg,Fullface
Formicinae,Camponotus,sericeus,https://www.antweb.org/images/casent0104896/casent0104896_p_1_high.jpg,Profile
Formicinae,Camponotus,oblongus,https://www.antwiki.org/wiki/images/thumb/2/24/Camponotus_oblongus_casent0903585_d_1_high.jpg/800px-Camponotus_oblongus_casent0903585_d_1_high.jpg,Dorsal
Formicinae,Camponotus,oblongus,https://www.antwiki.org/wiki/images/thumb/5/50/Camponotus_oblongus_casent0903585_h_1_high.jpg/800px-Camponotus_oblongus_casent0903585_h_1_high.jpg,Fullface
Formicinae,Camponotus,oblongus,https://www.antwiki.org/wiki/images/thumb/f/fb/Camponotus_oblongus_casent0903585_p_1_high.jpg/800px-Camponotus_oblongus_casent0903585_p_1_high.jpg,Profile
Formicinae,Camponotus,sklarus,https://www.antwiki.org/wiki/images/thumb/3/3a/Camponotus_sklarus_casent0903596_d_1_high.jpg/800px-Camponotus_sklarus_casent0903596_d_1_high.jpg,Dorsal
Formicinae,Camponotus,sklarus,https://www.antwiki.org/wiki/images/thumb/a/a3/Camponotus_sklarus_casent0903596_h_1_high.jpg/634px-Camponotus_sklarus_casent0903596_h_1_high.jpg,Fullface
Formicinae,Camponotus,sklarus,https://www.antwiki.org/wiki/images/thumb/2/2b/Camponotus_sklarus_casent0903596_p_1_high.jpg/757px-Camponotus_sklarus_casent0903596_p_1_high.jpg,Profile
Formicinae,Camponotus,simoni,https://www.antweb.org/images/casent0905249/casent0905249_d_1_high.jpg,Dorsal
Formicinae,Camponotus,simoni,https://www.antweb.org/images/casent0905249/casent0905249_h_1_high.jpg,Fullface
Formicinae,Camponotus,simoni,https://www.antweb.org/images/casent0905249/casent0905249_p_1_high.jpg,Profile
Formicinae,Camponotus,thraso,https://www.antweb.org/images/casent0906996/casent0906996_d_1_high.jpg,Dorsal
Formicinae,Camponotus,thraso,https://www.antweb.org/images/casent0906996/casent0906996_h_1_high.jpg,Fullface
Formicinae,Camponotus,thraso,https://www.antweb.org/images/casent0906996/casent0906996_p_1_high.jpg,Profile
Formicinae,Camponotus,varians,https://www.antweb.org/images/casent0906967/casent0906967_d_1_high.jpg,Dorsal
Formicinae,Camponotus,varians,https://www.antweb.org/images/casent0906967/casent0906967_h_1_high.jpg,Fullface
Formicinae,Camponotus,varians,https://www.antweb.org/images/casent0906967/casent0906967_p_1_high.jpg,Profile
Formicinae,Camponotus,variegatus,https://www.antweb.org/images/casent0103245/casent0103245_d_1_high.jpg,Dorsal
Formicinae,Camponotus,variegatus,https://www.antweb.org/images/casent0103245/casent0103245_h_1_high.jpg,Fullface
Formicinae,Camponotus,variegatus,https://www.antweb.org/images/casent0103245/casent0103245_p_1_high.jpg,Profile
Formicinae,Camponotus,wedda,https://www.antweb.org/images/casent0910543/casent0910543_d_1_high.jpg,Dorsal
Formicinae,Camponotus,wedda,https://www.antweb.org/images/casent0910543/casent0910543_h_1_high.jpg,Fullface
Formicinae,Camponotus,wedda,https://www.antweb.org/images/casent0910543/casent0910543_p_1_high.jpg,Profile
Formicinae,Colobopsis,badia,https://www.antweb.org/images/casent0901897/casent0901897_d_1_high.jpg,Dorsal
Formicinae,Colobopsis,badia,https://www.antweb.org/images/casent0901897/casent0901897_h_1_high.jpg,Fullface
Formicinae,Colobopsis,badia,https://www.antweb.org/images/casent0901897/casent0901897_p_1_high.jpg,Profile
Formicinae,Lepisiota,capensis,https://www.antwiki.org/wiki/images/thumb/b/bd/Lepisiota_capensis_casent0146042_dorsal_1.jpg/800px-Lepisiota_capensis_casent0146042_dorsal_1.jpg,Dorsal
Formicinae,Lepisiota,capensis,https://www.antwiki.org/wiki/images/thumb/1/14/Lepisiota_capensis_casent0146042_head_1.jpg/717px-Lepisiota_capensis_casent0146042_head_1.jpg,Fullface
Formicinae,Lepisiota,capensis,https://www.antwiki.org/wiki/images/thumb/3/38/Lepisiota_capensis_casent0146042_profile_1.jpg/724px-Lepisiota_capensis_casent0146042_profile_1.jpg,Profile
Formicinae,Lepisiota,lunaris,https://www.antweb.org/images/casent0905157/casent0905157_d_1_high.jpg,Dorsal
Formicinae,Lepisiota,lunaris,https://www.antweb.org/images/casent0905157/casent0905157_h_1_high.jpg,Fullface
Formicinae,Lepisiota,lunaris,https://www.antweb.org/images/casent0905157/casent0905157_p_1_high.jpg,Profile
Formicinae,Myrmoteras,ceylonicum,https://www.antweb.org/images/fmnhins0000062663/fmnhins0000062663_d_1_high.jpg,Dorsal
Formicinae,Myrmoteras,ceylonicum,https://www.antweb.org/images/fmnhins0000062663/fmnhins0000062663_h_1_high.jpg,Fullface
Formicinae,Myrmoteras,ceylonicum,https://www.antweb.org/images/fmnhins0000062663/fmnhins0000062663_p_1_high.jpg,Profile
Formicinae,Nylanderia,indica,https://www.antwiki.org/wiki/images/thumb/b/bd/Nylanderia_indica_casent0281126_d_1_high.jpg/796px-Nylanderia_indica_casent0281126_d_1_high.jpg,Dorsal
Formicinae,Nylanderia,indica,https://www.antwiki.org/wiki/images/thumb/4/42/Nylanderia_indica_casent0281126_h_1_high.jpg/765px-Nylanderia_indica_casent0281126_h_1_high.jpg,Fullface
Formicinae,Nylanderia,indica,https://www.antwiki.org/wiki/images/9/9d/Nylanderia_indica_casent0281126_p_1_high.jpg,Profile
Formicinae,Nylanderia,taylori,https://www.antweb.org/images/casent0911012/casent0911012_d_1_high.jpg,Dorsal
Formicinae,Nylanderia,taylori,https://www.antweb.org/images/casent0911012/casent0911012_h_1_high.jpg,Fullface
Formicinae,Nylanderia,taylori,https://www.antweb.org/images/casent0911012/casent0911012_p_1_high.jpg,Profile
Formicinae,Nylanderia,yerburyi,https://www.antweb.org/images/casent0911013/casent0911013_d_1_high.jpg,Dorsal
Formicinae,Nylanderia,yerburyi,https://www.antweb.org/images/casent0911013/casent0911013_h_1_high.jpg,Fullface
Formicinae,Nylanderia,yerburyi,https://www.antweb.org/images/casent0911013/casent0911013_p_1_high.jpg,Profile
Formicinae,Oecophylla,smaragdina,https://www.antweb.org/images/casent0173647/casent0173647_d_1_high.jpg,Dorsal
Formicinae,Oecophylla,smaragdina,https://www.antweb.org/images/casent0173647/casent0173647_h_1_high.jpg,Fullface
Formicinae,Oecophylla,smaragdina,https://www.antweb.org/images/casent0173647/casent0173647_p_1_high.jpg,Profile
Formicinae,Paratrechina,longicornis,https://www.antweb.org/images/casent0125018/casent0125018_d_1_high.jpg,Dorsal
Formicinae,Paratrechina,longicornis,https://www.antweb.org/images/casent0125018/casent0125018_h_1_high.jpg,Fullface
Formicinae,Paratrechina,longicornis,https://www.antweb.org/images/casent0125018/casent0125018_p_1_high.jpg,Profile
Formicinae,Plagiolepis,pissina,https://www.antweb.org/images/focol2225/focol2225_d_1_high.jpg,Dorsal
Formicinae,Plagiolepis,pissina,https://www.antweb.org/images/focol2225/focol2225_h_1_high.jpg,Fullface
Formicinae,Plagiolepis,pissina,https://www.antweb.org/images/focol2225/focol2225_p_1_high.jpg,Profile
Formicinae,Plagiolepis,exigua,https://www.antwiki.org/wiki/images/thumb/0/03/Plagiolepis_exigua_casent0101305_dorsal_1.jpg/800px-Plagiolepis_exigua_casent0101305_dorsal_1.jpg,Dorsal
Formicinae,Plagiolepis,exigua,https://www.antwiki.org/wiki/images/thumb/1/19/Plagiolepis_exigua_casent0101305_head_1.jpg/745px-Plagiolepis_exigua_casent0101305_head_1.jpg,Fullface
Formicinae,Plagiolepis,exigua,https://www.antwiki.org/wiki/images/thumb/5/51/Plagiolepis_exigua_casent0101305_profile_1.jpg/800px-Plagiolepis_exigua_casent0101305_profile_1.jpg,Profile
Formicinae,Plagiolepis,jerdonii,https://www.antwiki.org/wiki/images/thumb/d/dd/Plagiolepis_jerdonii_casent0909851_d_1_high.jpg/800px-Plagiolepis_jerdonii_casent0909851_d_1_high.jpg,Dorsal
Formicinae,Plagiolepis,jerdonii,https://www.antwiki.org/wiki/images/thumb/3/33/Plagiolepis_jerdonii_casent0909851_h_1_high.jpg/706px-Plagiolepis_jerdonii_casent0909851_h_1_high.jpg,Fullface
Formicinae,Plagiolepis,jerdonii,https://www.antwiki.org/wiki/images/thumb/e/ee/Plagiolepis_jerdonii_casent0909851_p_1_high.jpg/800px-Plagiolepis_jerdonii_casent0909851_p_1_high.jpg,Profile
Formicinae,Polyrhachis,aedipus,https://www.antweb.org/images/casent0906763/casent0906763_d_1_high.jpg,Dorsal
Formicinae,Polyrhachis,aedipus,https://www.antweb.org/images/casent0906763/casent0906763_h_1_high.jpg,Fullface
Formicinae,Polyrhachis,aedipus,https://www.antweb.org/images/casent0906763/casent0906763_p_1_high.jpg,Profile
Formicinae,Polyrhachis,bugnioni,https://www.antweb.org/images/casent0910965/casent0910965_d_1_high.jpg,Dorsal
Formicinae,Polyrhachis,bugnioni,https://www.antweb.org/images/casent0910965/casent0910965_h_1_high.jpg,Fullface
Formicinae,Polyrhachis,bugnioni,https://www.antweb.org/images/casent0910965/casent0910965_p_1_high.jpg,Profile
Formicinae,Polyrhachis,ceylonensis,https://www.antweb.org/images/casent0905632/casent0905632_d_1_high.jpg,Dorsal
Formicinae,Polyrhachis,ceylonensis,https://www.antweb.org/images/casent0905632/casent0905632_h_1_high.jpg,Fullface
Formicinae,Polyrhachis,ceylonensis,https://www.antweb.org/images/casent0905632/casent0905632_p_1_high.jpg,Profile
Formicinae,Polyrhachis,cingula,https://www.antweb.org/images/casent0903345/casent0903345_d_1_high.jpg,Dorsal
Formicinae,Polyrhachis,cingula,https://www.antweb.org/images/casent0903345/casent0903345_h_1_high.jpg,Fullface
Formicinae,Polyrhachis,cingula,https://www.antweb.org/images/casent0903345/casent0903345_p_1_high.jpg,Profile
Formicinae,Polyrhachis,convexa,https://www.antweb.org/images/casent0906801/casent0906801_d_1_high.jpg,Dorsal
Formicinae,Polyrhachis,convexa,https://www.antweb.org/images/casent0906801/casent0906801_h_1_high.jpg,Fullface
Formicinae,Polyrhachis,convexa,https://www.antweb.org/images/casent0906801/casent0906801_p_1_high.jpg,Profile
Formicinae,Polyrhachis,convexa isabellae,https://www.antweb.org/images/casent0910934/casent0910934_d_1_high.jpg,Dorsal
Formicinae,Polyrhachis,convexa isabellae,https://www.antweb.org/images/casent0910934/casent0910934_h_1_high.jpg,Fullface
Formicinae,Polyrhachis,convexa isabellae,https://www.antweb.org/images/casent0910934/casent0910934_p_1_high.jpg,Profile
Formicinae,Polyrhachis,curvispina,https://www.antweb.org/images/casent0903370/casent0903370_d_1_high.jpg,Dorsal
Formicinae,Polyrhachis,curvispina,https://www.antweb.org/images/casent0903370/casent0903370_h_1_high.jpg,Fullface
Formicinae,Polyrhachis,curvispina,https://www.antweb.org/images/casent0903370/casent0903370_p_1_high.jpg,Profile
Formicinae,Polyrhachis,dives,https://www.antweb.org/images/casent0910885/casent0910885_d_1_high.jpg,Dorsal
Formicinae,Polyrhachis,dives,https://www.antweb.org/images/casent0910885/casent0910885_h_1_high.jpg,Fullface
Formicinae,Polyrhachis,dives,https://www.antweb.org/images/casent0910885/casent0910885_p_1_high.jpg,Profile
Formicinae,Polyrhachis,exercita,https://www.antweb.org/images/casent0217770/casent0217770_d_1_high.jpg,Dorsal
Formicinae,Polyrhachis,exercita,https://www.antweb.org/images/casent0217770/casent0217770_h_1_high.jpg,Fullface
Formicinae,Polyrhachis,exercita,https://www.antweb.org/images/casent0217770/casent0217770_p_1_high.jpg,Profile
Formicinae,Polyrhachis,gibbosa,https://www.antweb.org/images/casent0910939/casent0910939_d_1_high.jpg,Dorsal
Formicinae,Polyrhachis,gibbosa,https://www.antweb.org/images/casent0910939/casent0910939_h_1_high.jpg,Fullface
Formicinae,Polyrhachis,gibbosa,https://www.antweb.org/images/casent0910939/casent0910939_p_1_high.jpg,Profile
Formicinae,Polyrhachis,horni,https://www.antweb.org/images/casent0905539/casent0905539_d_1_high.jpg,Dorsal
Formicinae,Polyrhachis,horni,https://www.antweb.org/images/casent0905539/casent0905539_h_1_high.jpg,Fullface
Formicinae,Polyrhachis,horni,https://www.antweb.org/images/casent0905539/casent0905539_p_1_high.jpg,Profile
Formicinae,Polyrhachis,illaudata,https://antwiki.org/wiki/images/3/34/Polyrhachis_illaudata_casent0217775_d_1_high.jpg,Dorsal
Formicinae,Polyrhachis,illaudata,https://antwiki.org/wiki/images/2/29/Polyrhachis_illaudata_casent0217775_h_1_high.jpg,Fullface
Formicinae,Polyrhachis,illaudata,https://antwiki.org/wiki/images/8/82/Polyrhachis_illaudata_casent0217775_p_1_high.jpg,Profile
Formicinae,Polyrhachis,jerdonii,https://www.antweb.org/images/casent0906755/casent0906755_d_1_high.jpg,Dorsal
Formicinae,Polyrhachis,jerdonii,https://www.antweb.org/images/casent0906755/casent0906755_h_1_high.jpg,Fullface
Formicinae,Polyrhachis,jerdonii,https://www.antweb.org/images/casent0906755/casent0906755_p_1_high.jpg,Profile
Formicinae,Polyrhachis,nigra,https://www.antweb.org/images/casent0915821/casent0915821_d_1_high.jpg,Dorsal
Formicinae,Polyrhachis,nigra,https://www.antweb.org/images/casent0915821/casent0915821_h_1_high.jpg,Fullface
Formicinae,Polyrhachis,nigra,https://www.antweb.org/images/casent0915821/casent0915821_p_1_high.jpg,Profile
Formicinae,Polyrhachis,punctillata,https://www.antweb.org/images/casent0906797/casent0906797_d_1_high.jpg,Dorsal
Formicinae,Polyrhachis,punctillata,https://www.antweb.org/images/casent0906797/casent0906797_h_1_high.jpg,Fullface
Formicinae,Polyrhachis,punctillata,https://www.antweb.org/images/casent0906797/casent0906797_p_1_high.jpg,Profile
Formicinae,Polyrhachis,rastellata,https://www.antweb.org/images/casent0903407/casent0903407_d_1_high.jpg,Dorsal
Formicinae,Polyrhachis,rastellata,https://www.antweb.org/images/casent0903407/casent0903407_h_1_high.jpg,Fullface
Formicinae,Polyrhachis,rastellata,https://www.antweb.org/images/casent0903407/casent0903407_p_1_high.jpg,Profile
Formicinae,Polyrhachis,rupicapra,https://www.antweb.org/images/casent0906783/casent0906783_d_1_high.jpg,Dorsal
Formicinae,Polyrhachis,rupicapra,https://www.antweb.org/images/casent0906783/casent0906783_h_1_high.jpg,Fullface
Formicinae,Polyrhachis,rupicapra,https://www.antweb.org/images/casent0906783/casent0906783_p_1_high.jpg,Profile
Formicinae,Polyrhachis,scissa,https://www.antweb.org/images/casent0281343/casent0281343_d_1_high.jpg,Dorsal
Formicinae,Polyrhachis,scissa,https://www.antweb.org/images/casent0281343/casent0281343_h_1_high.jpg,Fullface
Formicinae,Polyrhachis,scissa,https://www.antweb.org/images/casent0281343/casent0281343_p_1_high.jpg,Profile
Formicinae,Polyrhachis,sophocles,https://www.antweb.org/images/casent0910898/casent0910898_d_1_high.jpg,Dorsal
Formicinae,Polyrhachis,sophocles,https://www.antweb.org/images/casent0910898/casent0910898_h_1_high.jpg,Fullface
Formicinae,Polyrhachis,sophocles,https://www.antweb.org/images/casent0910898/casent0910898_p_1_high.jpg,Profile
Formicinae,Polyrhachis,thrinax,https://www.antweb.org/images/casent0281417/casent0281417_d_1_high.jpg,Dorsal
Formicinae,Polyrhachis,thrinax,https://www.antweb.org/images/casent0281417/casent0281417_h_1_high.jpg,Fullface
Formicinae,Polyrhachis,thrinax,https://www.antweb.org/images/casent0281417/casent0281417_p_1_high.jpg,Profile
Formicinae,Polyrhachis,tibialis,https://www.antweb.org/images/casent0912159/casent0912159_h_1_high.jpg,Dorsal
Formicinae,Polyrhachis,tibialis,https://www.antweb.org/images/casent0912159/casent0912159_h_1_high.jpg,Fullface
Formicinae,Polyrhachis,tibialis,https://www.antweb.org/images/casent0912159/casent0912159_h_1_high.jpg,Profile
Formicinae,Polyrhachis,xanthippe,https://www.antweb.org/images/casent0903385/casent0903385_d_1_high.jpg,Dorsal
Formicinae,Polyrhachis,xanthippe,https://www.antweb.org/images/casent0903385/casent0903385_h_1_high.jpg,Fullface
Formicinae,Polyrhachis,xanthippe,https://www.antweb.org/images/casent0903385/casent0903385_p_1_high.jpg,Profile
Formicinae,Polyrhachis,yerburyi,https://www.antweb.org/images/casent0906812/casent0906812_d_1_high.jpg,Dorsal
Formicinae,Polyrhachis,yerburyi,https://www.antweb.org/images/casent0906812/casent0906812_h_1_high.jpg,Fullface
Formicinae,Polyrhachis,yerburyi,https://www.antweb.org/images/casent0906812/casent0906812_p_1_high.jpg,Profile
Formicinae,Prenolepis ,naoroji,https://www.antwiki.org/wiki/images/thumb/6/6b/Prenolepis_naoroji_antweb1008047_d_1_high.jpg/800px-Prenolepis_naoroji_antweb1008047_d_1_high.jpg,Dorsal
Formicinae,Prenolepis ,naoroji,https://www.antwiki.org/wiki/images/thumb/6/6b/Prenolepis_naoroji_antweb1008047_h_1_high.jpg/498px-Prenolepis_naoroji_antweb1008047_h_1_high.jpg,Fullface
Formicinae,Prenolepis ,naoroji,https://www.antwiki.org/wiki/images/thumb/3/3f/Prenolepis_naoroji_antweb1008047_p_1_high.jpg/800px-Prenolepis_naoroji_antweb1008047_p_1_high.jpg,Profile
Formicinae,Pseudolasius,isabellae,https://www.antweb.org/images/casent0910976/casent0910976_d_1_high.jpg,Dorsal
Formicinae,Pseudolasius,isabellae,https://www.antweb.org/images/casent0910976/casent0910976_h_1_high.jpg,Fullface
Formicinae,Pseudolasius,isabellae,https://www.antweb.org/images/casent0910976/casent0910976_p_1_high.jpg,Profile
Leptanillinae,Leptanilla,besucheti,https://www.antweb.org/images/casent0902779/casent0902779_d_1_high.jpg,Dorsal
Leptanillinae,Leptanilla,besucheti,https://www.antweb.org/images/casent0911183/casent0911183_h_1_high.jpg,Fullface
Leptanillinae,Leptanilla,besucheti,https://www.antweb.org/images/casent0902779/casent0902779_p_1_high.jpg,Profile
Leptanillinae,Leptanilla,besucheti,https://www.antweb.org/images/casent0911183/casent0911183_p_1_high.jpg,Profile
Leptanillinae,Protanilla,schoedli,https://www.antweb.org/images/casent0911228/casent0911228_d_1_high.jpg,Dorsal
Leptanillinae,Protanilla,schoedli,https://www.antweb.org/images/casent0911228/casent0911228_h_1_high.jpg,Fullface
Leptanillinae,Protanilla,schoedli,https://www.antweb.org/images/casent0911228/casent0911228_p_1_high.jpg,Profile
Myrmicinae,Acanthomyrmex,luciolae,https://www.antweb.org/images/casent0281791/casent0281791_d_1_high.jpg,Dorsal
Myrmicinae,Acanthomyrmex,luciolae,https://www.antweb.org/images/casent0281791/casent0281791_h_1_high.jpg,Fullface
Myrmicinae,Acanthomyrmex,luciolae,https://www.antweb.org/images/casent0281791/casent0281791_p_1_high.jpg,Profile
Myrmicinae,Anillomyrma,decamera,https://www.antweb.org/images/casent0235147/casent0235147_d_1_high.jpg,Dorsal
Myrmicinae,Anillomyrma,decamera,https://www.antweb.org/images/casent0235147/casent0235147_h_1_high.jpg,Fullface
Myrmicinae,Anillomyrma,decamera,https://www.antweb.org/images/casent0235147/casent0235147_p_1_high.jpg,Profile
Myrmicinae,Calyptomyrmex,singalensis,https://www.antwiki.org/wiki/images/thumb/7/74/Calyptomyrmex_singalensis_casent0911132_d_1_high.jpg/1200px-Calyptomyrmex_singalensis_casent0911132_d_1_high.jpg,Dorsal
Myrmicinae,Calyptomyrmex,singalensis,https://www.antweb.org/images/casent0900993/casent0900993_h_1_high.jpg,Fullface
Myrmicinae,Calyptomyrmex,singalensis,https://www.antwiki.org/wiki/images/4/43/Calyptomyrmex_singalensis_casent0911132_h_1_high.jpg,Fullface
Myrmicinae,Calyptomyrmex,singalensis,https://www.antwiki.org/wiki/images/a/a8/Calyptomyrmex_singalensis_casent0911132_p_1_high.jpg,Profile
Myrmicinae,Calyptomyrmex,singalensis,https://www.antweb.org/images/casent0911133/casent0911133_d_1_high.jpg,Dorsal
Myrmicinae,Calyptomyrmex,tamil,https://antwiki.org/wiki/images/f/f7/Calyptomyrmex_tamil_casent0911133_d_1_high.jpg,Dorsal
Myrmicinae,Calyptomyrmex,tamil,https://antwiki.org/wiki/images/2/23/Calyptomyrmex_tamil_casent0911133_h_1_high.jpg,Fullface
Myrmicinae,Calyptomyrmex,tamil,https://antwiki.org/wiki/images/7/7e/Calyptomyrmex_tamil_casent0911133_p_1_high.jpg,Profile
Myrmicinae,Calyptomyrmex,vedda,https://antwiki.org/wiki/images/1/12/Calyptomyrmex_vedda_casent0280817_d_1_high.jpg,Dorsal
Myrmicinae,Calyptomyrmex,vedda,https://antwiki.org/wiki/images/6/69/Calyptomyrmex_vedda_casent0280817_h_1_high.jpg,Fullface
Myrmicinae,Calyptomyrmex,vedda,https://antwiki.org/wiki/images/b/b9/Calyptomyrmex_vedda_casent0280817_p_1_high.jpg,Profile
Myrmicinae,Cardiocondyla,nuda,https://antwiki.org/wiki/images/thumb/a/ad/Cardiocondyla_nuda_casent0102306_dorsal_1.jpg/1200px-Cardiocondyla_nuda_casent0102306_dorsal_1.jpg,Dorsal
Myrmicinae,Cardiocondyla,nuda,https://antwiki.org/wiki/images/c/c2/Cardiocondyla_nuda_casent0102306_head_1.jpg,Fullface
Myrmicinae,Cardiocondyla,nuda,https://antwiki.org/wiki/images/thumb/4/4c/Cardiocondyla_nuda_casent0102306_profile_1.jpg/300px-Cardiocondyla_nuda_casent0102306_profile_1.jpg,Profile
Myrmicinae,Carebara,affinis,https://antwiki.org/wiki/images/7/74/Pheidologeton_affinis_casent0106016_d_1_high.jpg,Dorsal
Myrmicinae,Carebara,affinis,https://antwiki.org/wiki/images/6/66/Pheidologeton_affinis_casent0106016_h_1_high.jpg,Fullface
Myrmicinae,Carebara,affinis,https://antwiki.org/wiki/images/f/fd/Pheidologeton_affinis_casent0106016_p_1_high.jpg,Profile
Myrmicinae,Carebara,bruni,https://antwiki.org/wiki/images/3/3c/Carebara_bruni_casent0908901_d_1_high.jpg,Dorsal
Myrmicinae,Carebara,bruni,https://antwiki.org/wiki/images/3/3a/Carebara_bruni_casent0908901_h_1_high.jpg,Fullface
Myrmicinae,Carebara,bruni,https://antwiki.org/wiki/images/thumb/d/df/Carebara_bruni_casent0908901_p_1_high.jpg/1200px-Carebara_bruni_casent0908901_p_1_high.jpg,Profile
Myrmicinae,Carebara,butteli,https://antwiki.org/wiki/images/thumb/8/88/Carebara_butteli_casent0908888_d_1_high.jpg/1200px-Carebara_butteli_casent0908888_d_1_high.jpg,Dorsal
Myrmicinae,Carebara,butteli,https://antwiki.org/wiki/images/e/ec/Carebara_butteli_casent0908888_h_1_high.jpg,Fullface
Myrmicinae,Carebara,butteli,https://antwiki.org/wiki/images/3/35/Carebara_butteli_casent0908888_p_1_high.jpg,Profile
Myrmicinae,Carebara,ceylonensis,https://antwiki.org/wiki/images/thumb/1/1c/Pheidologeton_ceylonensis_casent0908950_d_1_high.jpg/1200px-Pheidologeton_ceylonensis_casent0908950_d_1_high.jpg,Dorsal
Myrmicinae,Carebara,ceylonensis,https://antwiki.org/wiki/images/a/a1/Pheidologeton_ceylonensis_casent0908950_h_1_high.jpg,Fullface
Myrmicinae,Carebara,ceylonensis,https://antwiki.org/wiki/images/thumb/d/d6/Pheidologeton_ceylonensis_casent0908950_p_1_high.jpg/1200px-Pheidologeton_ceylonensis_casent0908950_p_1_high.jpg,Profile
Myrmicinae,Carebara,diversa,https://antwiki.org/wiki/images/f/f2/Pheidologeton_diversus_casent0906201_d_1_high.jpg,Dorsal
Myrmicinae,Carebara,diversa,https://antwiki.org/wiki/images/f/f4/Pheidologeton_diversus_casent0906201_h_1_high.jpg,Fullface
Myrmicinae,Carebara,diversa,https://antwiki.org/wiki/images/6/67/Pheidologeton_diversus_casent0906201_p_1_high.jpg,Profile
Myrmicinae,Carebara,escherichi,https://antwiki.org/wiki/images/thumb/b/b3/Carebara_escherichi_casent0902375_d_1_high.jpg/1200px-Carebara_escherichi_casent0902375_d_1_high.jpg,Dorsal
Myrmicinae,Carebara,escherichi,https://antwiki.org/wiki/images/f/f8/Carebara_escherichi_casent0902375_h_1_high.jpg,Fullface
Myrmicinae,Carebara,escherichi,https://antwiki.org/wiki/images/thumb/3/3f/Carebara_escherichi_casent0902375_p_1_high.jpg/1200px-Carebara_escherichi_casent0902375_p_1_high.jpg,Profile
Myrmicinae,Carebara,nana,https://antwiki.org/wiki/images/9/92/Pheidologeton_nanus_casent0906202_d_1_high.jpg,Dorsal
Myrmicinae,Carebara,nana,https://antwiki.org/wiki/images/e/e9/Pheidologeton_nanus_casent0906202_h_1_high.jpg,Fullface
Myrmicinae,Carebara,nana,https://antwiki.org/wiki/images/thumb/e/e5/Pheidologeton_nanus_casent0906202_p_1_high.jpg/1200px-Pheidologeton_nanus_casent0906202_p_1_high.jpg,Profile
Myrmicinae,Carebara,pygmaea,https://antwiki.org/wiki/images/thumb/c/c7/Pheidologeton_pygmaeus_casent0904653_d_1_high.jpg/1200px-Pheidologeton_pygmaeus_casent0904653_d_1_high.jpg,Dorsal
Myrmicinae,Carebara,pygmaea,https://antwiki.org/wiki/images/7/74/Pheidologeton_pygmaeus_casent0904653_h_1_high.jpg,Fullface
Myrmicinae,Carebara,pygmaea,https://antwiki.org/wiki/images/thumb/d/d9/Pheidologeton_pygmaeus_casent0904653_p_1_high.jpg/1200px-Pheidologeton_pygmaeus_casent0904653_p_1_high.jpg,Profile
Myrmicinae,Carebara,sinhala,https://antwiki.org/wiki/images/thumb/0/00/Carebara_taprobanae_casent0908918_d_1_high.jpg/1200px-Carebara_taprobanae_casent0908918_d_1_high.jpg,Dorsal
Myrmicinae,Carebara,sinhala,https://antwiki.org/wiki/images/b/b8/Carebara_taprobanae_casent0908918_h_1_high.jpg,Fullface
Myrmicinae,Carebara,sinhala,https://antwiki.org/wiki/images/thumb/4/4e/Carebara_taprobanae_casent0908918_p_1_high.jpg/1200px-Carebara_taprobanae_casent0908918_p_1_high.jpg,Profile
Myrmicinae,Cataulacus,simoni,https://antwiki.org/wiki/images/0/01/Cataulacus_simoni_H_casent0280797.jpg,Fullface
Myrmicinae,Cataulacus,simoni,https://antwiki.org/wiki/images/d/d0/Cataulacus_simoni_P_casent0280797.jpg,Profile
Myrmicinae,Cataulacus,taprobanae,https://antwiki.org/wiki/images/4/44/Cataulacus_taprobanae_casent0900254_d_1_high.jpg,Dorsal
Myrmicinae,Cataulacus,taprobanae,https://antwiki.org/wiki/images/8/8f/Cataulacus_taprobanae_casent0900254_h_1_high.jpg,Fullface
Myrmicinae,Cataulacus,taprobanae,https://antwiki.org/wiki/images/thumb/7/75/Cataulacus_taprobanae_casent0900254_p_1_high.jpg/1200px-Cataulacus_taprobanae_casent0900254_p_1_high.jpg,Profile
Myrmicinae,Crematogaster,anthracina,https://antwiki.org/wiki/images/thumb/b/b0/Crematogaster_anthracina_casent0901434_d_1_high.jpg/1200px-Crematogaster_anthracina_casent0901434_d_1_high.jpg,Dorsal
Myrmicinae,Crematogaster,anthracina,https://antwiki.org/wiki/images/1/16/Crematogaster_anthracina_casent0901434_h_1_high.jpg,Fullface
Myrmicinae,Crematogaster,anthracina,https://antwiki.org/wiki/images/thumb/9/9c/Crematogaster_anthracina_casent0901434_p_1_high.jpg/1200px-Crematogaster_anthracina_casent0901434_p_1_high.jpg,Profile
Myrmicinae,Crematogaster,biroi,https://antwiki.org/wiki/images/thumb/4/4b/Crematogaster_biroi_casent0902116_d_1_high.jpg/1200px-Crematogaster_biroi_casent0902116_d_1_high.jpg,Dorsal
Myrmicinae,Crematogaster,biroi,https://antwiki.org/wiki/images/thumb/4/4a/Crematogaster_biroi_casent0902116_h_1_high.jpg/1200px-Crematogaster_biroi_casent0902116_h_1_high.jpg,Fullface
Myrmicinae,Crematogaster,biroi,https://antwiki.org/wiki/images/thumb/4/42/Crematogaster_biroi_casent0902116_p_1_high.jpg/1200px-Crematogaster_biroi_casent0902116_p_1_high.jpg,Profile
Myrmicinae,Crematogaster,desecta,https://antwiki.org/wiki/images/3/32/Crematogaster_desecta_casent0908573_d_1_high.jpg,Dorsal
Myrmicinae,Crematogaster,desecta,https://antwiki.org/wiki/images/5/51/Crematogaster_desecta_casent0908573_h_1_high.jpg,Fullface
Myrmicinae,Crematogaster,desecta,https://antwiki.org/wiki/images/thumb/7/76/Crematogaster_desecta_casent0908573_p_1_high.jpg/1200px-Crematogaster_desecta_casent0908573_p_1_high.jpg,Profile
Myrmicinae,Crematogaster,dohrni,https://antwiki.org/wiki/images/thumb/a/ad/Crematogaster_dohrni_casent0907503_d_1_high.jpg/1200px-Crematogaster_dohrni_casent0907503_d_1_high.jpg,Dorsal
Myrmicinae,Crematogaster,dohrni,https://antwiki.org/wiki/images/1/1f/Crematogaster_dohrni_casent0907503_h_1_high.jpg,Fullface
Myrmicinae,Crematogaster,dohrni,https://antwiki.org/wiki/images/thumb/a/aa/Crematogaster_dohrni_casent0907503_p_1_high.jpg/1199px-Crematogaster_dohrni_casent0907503_p_1_high.jpg,Profile
Myrmicinae,Crematogaster,ransonneti,https://antwiki.org/wiki/images/f/f6/Crematogaster_ransonneti_casent0902124_d_1_high.jpg,Dorsal
Myrmicinae,Crematogaster,ransonneti,https://antwiki.org/wiki/images/d/d1/Crematogaster_ransonneti_casent0902124_h_1_high.jpg,Fullface
Myrmicinae,Crematogaster,ransonneti,https://antwiki.org/wiki/images/thumb/0/0a/Crematogaster_ransonneti_casent0902124_p_1_high.jpg/1200px-Crematogaster_ransonneti_casent0902124_p_1_high.jpg,Profile
Myrmicinae,Crematogaster,rogenhoferi,https://www.antweb.org/images/casent0914078/casent0914078_d_1_high.jpg,Profile
Myrmicinae,Crematogaster,rogenhoferi,https://www.antweb.org/images/casent0914078/casent0914078_h_1_high.jpg,Dorsal
Myrmicinae,Crematogaster,rogenhoferi,https://www.antweb.org/images/casent0914078/casent0914078_p_1_high.jpg,Fullface
Myrmicinae,Crematogaster,rothneyi,https://www.antweb.org/images/casent0193801/casent0193801_d_1_high.jpg,Dorsal
Myrmicinae,Crematogaster,rothneyi,https://www.antweb.org/images/casent0193801/casent0193801_h_1_high.jpg,Fullface
Myrmicinae,Crematogaster,rothneyi,https://www.antweb.org/images/casent0193801/casent0193801_p_1_high.jpg,Profile
Myrmicinae,Crematogaster,rothneyi,https://www.antwiki.org/wiki/images/thumb/8/84/Crematogaster_rothneyi_casent0193801_d_1_high.jpg/724px-Crematogaster_rothneyi_casent0193801_d_1_high.jpg,Dorsal
Myrmicinae,Crematogaster,rothneyi,https://www.antwiki.org/wiki/images/thumb/b/bc/Crematogaster_rothneyi_casent0193801_h_1_high.jpg/777px-Crematogaster_rothneyi_casent0193801_h_1_high.jpg,Fullface
Myrmicinae,Crematogaster,rothneyi,https://www.antwiki.org/wiki/images/thumb/7/7d/Crematogaster_rothneyi_casent0193801_p_1_high.jpg/627px-Crematogaster_rothneyi_casent0193801_p_1_high.jpg,Profile
Myrmicinae,Crematogaster,subnuda,https://www.antweb.org/images/casent0193690/casent0193690_d_1_high.jpg,Dorsal
Myrmicinae,Crematogaster,subnuda,https://www.antweb.org/images/casent0193690/casent0193690_h_1_high.jpg,Fullface
Myrmicinae,Crematogaster,subnuda,https://www.antweb.org/images/casent0193690/casent0193690_p_1_high.jpg,Profile
Myrmicinae,Dilobocondyla,didita,https://www.antwiki.org/wiki/images/thumb/e/e1/Dilobocondyla_didita_casent0902012_p_1_high.jpg/717px-Dilobocondyla_didita_casent0902012_p_1_high.jpg,Dorsal
Myrmicinae,Dilobocondyla,didita,https://www.antwiki.org/wiki/images/thumb/a/ae/Dilobocondyla_didita_casent0902012_h_1_high.jpg/650px-Dilobocondyla_didita_casent0902012_h_1_high.jpg,Fullface
Myrmicinae,Dilobocondyla,didita,https://www.antwiki.org/wiki/images/thumb/f/f8/Dilobocondyla_didita_casent0902012_d_1_high.jpg/800px-Dilobocondyla_didita_casent0902012_d_1_high.jpg,Profile
Myrmicinae,Lophomyrmex,quadrispinosus,https://www.antweb.org/images/casent0281611/casent0281611_d_1_high.jpg,Dorsal
Myrmicinae,Lophomyrmex,quadrispinosus,https://www.antweb.org/images/casent0281611/casent0281611_h_1_high.jpg,Fullface
Myrmicinae,Lophomyrmex,quadrispinosus,https://www.antweb.org/images/casent0281611/casent0281611_p_1_high.jpg,Profile
Myrmicinae,Lophomyrmex,quadrispinosus,https://www.antweb.org/images/casent0908880/casent0908880_d_1_high.jpg,Dorsal
Myrmicinae,Lophomyrmex,quadrispinosus,https://www.antweb.org/images/casent0908880/casent0908880_h_1_high.jpg,Fullface
Myrmicinae,Lophomyrmex,quadrispinosus,https://www.antweb.org/images/casent0908880/casent0908880_p_1_high.jpg,Profile
Myrmicinae,Metapone,greeni,https://www.antweb.org/images/casent0907444/casent0907444_d_1_high.jpg,Dorsal
Myrmicinae,Metapone,greeni,https://www.antweb.org/images/casent0907444/casent0907444_h_1_high.jpg,Fullface
Myrmicinae,Metapone,greeni,https://www.antweb.org/images/casent0907444/casent0907444_p_1_high.jpg,Profile
Myrmicinae,Meranoplus,bicolor,https://www.antweb.org/images/casent0740801/casent0740801_d_1_high.jpg,Dorsal
Myrmicinae,Meranoplus,bicolor,https://www.antweb.org/images/casent0740801/casent0740801_h_1_high.jpg,Fullface
Myrmicinae,Meranoplus,bicolor,https://www.antweb.org/images/casent0740801/casent0740801_p_1_high.jpg,Profile
Myrmicinae,Meranoplus,boltoni,https://www.antwiki.org/wiki/images/thumb/9/90/Meranoplus_boltoni_casent0902031_d_1_high.jpg/800px-Meranoplus_boltoni_casent0902031_d_1_high.jpg,Dorsal
Myrmicinae,Meranoplus,boltoni,https://www.antwiki.org/wiki/images/thumb/5/5e/Meranoplus_boltoni_casent0902031_h_1_high.jpg/800px-Meranoplus_boltoni_casent0902031_h_1_high.jpg,Fullface
Myrmicinae,Meranoplus,boltoni,https://www.antwiki.org/wiki/images/thumb/5/5f/Meranoplus_boltoni_casent0902031_p_1_high.jpg/799px-Meranoplus_boltoni_casent0902031_p_1_high.jpg,Profile
Myrmicinae,Meranoplus,loebli,https://www.antweb.org/images/casent0902032/casent0902032_d_1_high.jpg,Dorsal
Myrmicinae,Meranoplus,loebli,https://www.antweb.org/images/casent0902032/casent0902032_h_1_high.jpg,Fullface
Myrmicinae,Meranoplus,loebli,https://www.antweb.org/images/casent0902032/casent0902032_p_1_high.jpg,Profile
Myrmicinae,Monomorium,floricola,https://www.antweb.org/images/casent0010954/casent0010954_d_1_high.jpg,Dorsal
Myrmicinae,Monomorium,floricola,https://www.antweb.org/images/casent0010954/casent0010954_p_1_high.jpg,Profile
Myrmicinae,Monomorium,pharaonis,https://www.antweb.org/images/casent0179469/casent0179469_h_1_high.jpg,Dorsal
Myrmicinae,Monomorium,pharaonis,https://www.antweb.org/images/casent0179469/casent0179469_h_1_high.jpg,Fullface
Myrmicinae,Monomorium,pharaonis,https://www.antweb.org/images/casent0179469/casent0179469_p_1_high.jpg,Profile
Myrmicinae,Monomorium,subopacum,https://www.antweb.org/images/casent0068113/casent0068113_d_1_high.jpg,Dorsal
Myrmicinae,Monomorium,subopacum,https://www.antweb.org/images/casent0068113/casent0068113_h_1_high.jpg,Fullface
Myrmicinae,Monomorium,subopacum,https://www.antweb.org/images/casent0068113/casent0068113_p_1_high.jpg,Profile
Myrmicinae,Monomorium,taprobanae,https://www.antweb.org/images/casent0908703/casent0908703_d_1_high.jpg,Dorsal
Myrmicinae,Monomorium,taprobanae,https://www.antweb.org/images/casent0908703/casent0908703_h_1_high.jpg,Fullface
Myrmicinae,Monomorium,taprobanae,https://www.antweb.org/images/casent0908703/casent0908703_p_1_high.jpg,Profile
Myrmicinae,Myrmecina,striata,https://www.antweb.org/images/casent0922975/casent0922975_d_1_high.jpg,Dorsal
Myrmicinae,Myrmecina,striata,https://www.antweb.org/images/casent0922975/casent0922975_h_1_high.jpg,Fullface
Myrmicinae,Myrmecina,striata,https://www.antweb.org/images/casent0922975/casent0922975_p_1_high.jpg,Profile
Myrmicinae,Myrmicaria,brunnea,https://www.antweb.org/images/casent0923004/casent0923004_d_1_high.jpg,Dorsal
Myrmicinae,Myrmicaria,brunnea,https://www.antweb.org/images/casent0923004/casent0923004_h_1_high.jpg,Fullface
Myrmicinae,Myrmicaria,brunnea,https://www.antweb.org/images/casent0923004/casent0923004_p_1_high.jpg,Profile
Myrmicinae,Paratopula,ceylonica,https://www.antweb.org/images/casent0908985/casent0908985_d_1_high.jpg,Dorsal
Myrmicinae,Paratopula,ceylonica,https://www.antweb.org/images/casent0908985/casent0908985_h_1_high.jpg,Fullface
Myrmicinae,Paratopula,ceylonica,https://www.antweb.org/images/casent0908985/casent0908985_p_1_high.jpg,Profile
Myrmicinae,Pheidole,barreleti,https://www.antweb.org/images/casent0907862/casent0907862_d_1_high.jpg,Dorsal
Myrmicinae,Pheidole,barreleti,https://www.antweb.org/images/casent0907862/casent0907862_h_1_high.jpg,Fullface
Myrmicinae,Pheidole,barreleti,https://www.antweb.org/images/casent0907862/casent0907862_p_1_high.jpg,Profile
Myrmicinae,Pheidole,diffidens,https://www.antweb.org/images/casent0901536/casent0901536_d_1_high.jpg,Dorsal
Myrmicinae,Pheidole,diffidens,https://www.antweb.org/images/casent0901536/casent0901536_h_1_high.jpg,Fullface
Myrmicinae,Pheidole,diffidens,https://www.antweb.org/images/casent0901536/casent0901536_p_1_high.jpg,Profile
Myrmicinae,Pheidole,fergusoni,https://www.antweb.org/images/casent0281642/casent0281642_d_1_high.jpg,Dorsal
Myrmicinae,Pheidole,fergusoni,https://www.antweb.org/images/casent0281642/casent0281642_h_1_high.jpg,Fullface
Myrmicinae,Pheidole,fergusoni,https://www.antweb.org/images/casent0281642/casent0281642_p_1_high.jpg,Profile
Myrmicinae,Pheidole,horni,https://www.antweb.org/images/casent0281653/casent0281653_d_1_high.jpg,Dorsal
Myrmicinae,Pheidole,horni,https://www.antweb.org/images/casent0281653/casent0281653_h_1_high.jpg,Fullface
Myrmicinae,Pheidole,horni,https://www.antweb.org/images/casent0281653/casent0281653_p_1_high.jpg,Profile
Myrmicinae,Pheidole,indica,https://www.antweb.org/images/casent0005777/casent0005777_d_1_high.jpg,Dorsal
Myrmicinae,Pheidole,indica,https://www.antweb.org/images/casent0005777/casent0005777_h_1_high.jpg,Fullface
Myrmicinae,Pheidole,indica,https://www.antweb.org/images/casent0005777/casent0005777_p_1_high.jpg,Profile
Myrmicinae,Pheidole,latinoda,https://www.antweb.org/images/casent0281645/casent0281645_d_1_high.jpg,Dorsal
Myrmicinae,Pheidole,latinoda,https://www.antweb.org/images/casent0281645/casent0281645_h_1_high.jpg,Fullface
Myrmicinae,Pheidole,latinoda,https://www.antweb.org/images/casent0281645/casent0281645_p_1_high.jpg,Profile
Myrmicinae,Pheidole,latinoda,https://www.antweb.org/images/casent0907922/casent0907922_d_1_high.jpg,Dorsal
Myrmicinae,Pheidole,latinoda,https://www.antweb.org/images/casent0907922/casent0907922_h_1_high.jpg,Fullface
Myrmicinae,Pheidole,latinoda,https://www.antweb.org/images/casent0907922/casent0907922_p_1_high.jpg,Profile
Myrmicinae,Pheidole,malinsii,https://www.antweb.org/images/casent0281644/casent0281644_d_1_high.jpg,Dorsal
Myrmicinae,Pheidole,malinsii,https://www.antweb.org/images/casent0281644/casent0281644_h_1_high.jpg,Fullface
Myrmicinae,Pheidole,malinsii,https://www.antweb.org/images/casent0281644/casent0281644_p_1_high.jpg,Profile
Myrmicinae,Pheidole,megacephala,https://www.antweb.org/images/antweb1008103/antweb1008103_d_1_high.jpg,Dorsal
Myrmicinae,Pheidole,megacephala,https://www.antweb.org/images/antweb1008103/antweb1008103_h_1_high.jpg,Fullface
Myrmicinae,Pheidole,megacephala,https://www.antweb.org/images/antweb1008103/antweb1008103_p_1_high.jpg,Profile
Myrmicinae,Pheidole,nietneri,https://www.antweb.org/images/casent0281662/casent0281662_d_1_high.jpg,Dorsal
Myrmicinae,Pheidole,nietneri,https://www.antweb.org/images/casent0281662/casent0281662_h_1_high.jpg,Fullface
Myrmicinae,Pheidole,nietneri,https://www.antweb.org/images/casent0281662/casent0281662_p_1_high.jpg,Profile
Myrmicinae,Pheidole,nodus,https://www.antweb.org/images/antweb1008104/antweb1008104_d_1_high.jpg,Dorsal
Myrmicinae,Pheidole,nodus,https://www.antweb.org/images/antweb1008104/antweb1008104_h_1_high.jpg,Fullface
Myrmicinae,Pheidole,nodus,https://www.antweb.org/images/antweb1008104/antweb1008104_p_1_high.jpg,Profile
Myrmicinae,Pheidole,parva,https://www.antweb.org/images/casent0055997/casent0055997_d_1_high.jpg,Dorsal
Myrmicinae,Pheidole,parva,https://www.antweb.org/images/casent0055997/casent0055997_h_1_high.jpg,Fullface
Myrmicinae,Pheidole,parva,https://www.antweb.org/images/casent0055997/casent0055997_p_1_high.jpg,Profile
Myrmicinae,Pheidole,pronotalis,https://www.antweb.org/images/casent0907987/casent0907987_d_1_high.jpg,Dorsal
Myrmicinae,Pheidole,pronotalis,https://www.antweb.org/images/casent0907987/casent0907987_h_1_high.jpg,Fullface
Myrmicinae,Pheidole,pronotalis,https://www.antweb.org/images/casent0907987/casent0907987_p_1_high.jpg,Profile
Myrmicinae,Pheidole,rugosa,https://www.antweb.org/images/casent0901525/casent0901525_d_1_high.jpg,Dorsal
Myrmicinae,Pheidole,rugosa,https://www.antweb.org/images/casent0901525/casent0901525_h_1_high.jpg,Fullface
Myrmicinae,Pheidole,rugosa,https://www.antweb.org/images/casent0901525/casent0901525_p_1_high.jpg,Profile
Myrmicinae,Pheidole,sharpi,https://www.antweb.org/images/casent0281640/casent0281640_d_1_high.jpg,Dorsal
Myrmicinae,Pheidole,sharpi,https://www.antweb.org/images/casent0281640/casent0281640_h_1_high.jpg,Fullface
Myrmicinae,Pheidole,sharpi,https://www.antweb.org/images/casent0281640/casent0281640_p_1_high.jpg,Profile
Myrmicinae,Pheidole,spathifera,https://www.antweb.org/images/casent0281634/casent0281634_d_1_high.jpg,Dorsal
Myrmicinae,Pheidole,spathifera,https://www.antweb.org/images/casent0281634/casent0281634_h_1_high.jpg,Fullface
Myrmicinae,Pheidole,spathifera,https://www.antweb.org/images/casent0281634/casent0281634_p_1_high.jpg,Profile
Myrmicinae,Pheidole,spathifera,https://www.antweb.org/images/casent0907959/casent0907959_d_1_high.jpg,Dorsal
Myrmicinae,Pheidole,spathifera,https://www.antweb.org/images/casent0907959/casent0907959_h_1_high.jpg,Fullface
Myrmicinae,Pheidole,spathifera,https://www.antweb.org/images/casent0907959/casent0907959_p_1_high.jpg,Profile
Myrmicinae,Pheidole,sulcaticeps,https://www.antweb.org/images/casent0281654/casent0281654_d_1_high.jpg,Dorsal
Myrmicinae,Pheidole,sulcaticeps,https://www.antweb.org/images/casent0281654/casent0281654_h_1_high.jpg,Fullface
Myrmicinae,Pheidole,sulcaticeps,https://www.antweb.org/images/casent0281654/casent0281654_p_1_high.jpg,Profile
Myrmicinae,Pheidole,sulcaticeps,https://www.antweb.org/images/casent0907963/casent0907963_d_1_high.jpg,Dorsal
Myrmicinae,Pheidole,sulcaticeps,https://www.antweb.org/images/casent0907963/casent0907963_h_1_high.jpg,Fullface
Myrmicinae,Pheidole,sulcaticeps,https://www.antweb.org/images/casent0907963/casent0907963_p_1_high.jpg,Profile
Myrmicinae,Pheidole,templaria,https://www.antweb.org/images/casent0908004/casent0908004_d_1_high.jpg,Dorsal
Myrmicinae,Pheidole,templaria,https://www.antweb.org/images/casent0908004/casent0908004_h_1_high.jpg,Fullface
Myrmicinae,Pheidole,templaria,https://www.antweb.org/images/casent0908004/casent0908004_p_1_high.jpg,Profile
Myrmicinae,Pheidole,watsoni,https://www.antwiki.org/wiki/images/thumb/2/2b/Pheidole_watsoni_casent0281698_d_1_high.jpg/800px-Pheidole_watsoni_casent0281698_d_1_high.jpg,Dorsal
Myrmicinae,Pheidole,watsoni,https://www.antwiki.org/wiki/images/thumb/8/81/Pheidole_watsoni_casent0281698_h_1_high.jpg/548px-Pheidole_watsoni_casent0281698_h_1_high.jpg,Fullface
Myrmicinae,Pheidole,watsoni,https://www.antwiki.org/wiki/images/thumb/c/c4/Pheidole_watsoni_casent0281698_p_1_high.jpg/800px-Pheidole_watsoni_casent0281698_p_1_high.jpg,Profile
Myrmicinae,Pheidole,woodmasoni,https://www.antweb.org/images/casent0908007/casent0908007_d_1_high.jpg,Dorsal
Myrmicinae,Pheidole,woodmasoni,https://www.antweb.org/images/casent0908007/casent0908007_h_1_high.jpg,Fullface
Myrmicinae,Pheidole,woodmasoni,https://www.antweb.org/images/casent0908007/casent0908007_p_1_high.jpg,Profile
Myrmicinae,Pristomyrmex,sinharaja,https://www.antweb.org/images/antweb1041160/antweb1041160_h_1_high.jpg,Fullface
Myrmicinae,Pristomyrmex,sinharaja,https://www.antweb.org/images/antweb1041160/antweb1041160_p_1_high.jpg,Profile
Myrmicinae,Recurvidris,pickburni,https://www.antweb.org/images/casent0902055/casent0902055_d_1_high.jpg,Dorsal
Myrmicinae,Recurvidris,pickburni,https://www.antweb.org/images/casent0902055/casent0902055_h_1_high.jpg,Fullface
Myrmicinae,Recurvidris,pickburni,https://www.antweb.org/images/casent0902055/casent0902055_p_1_high.jpg,Profile
Myrmicinae,Recurvidris,recurvispinosa,https://www.antweb.org/images/casent0010681/casent0010681_d_1_high.jpg,Dorsal
Myrmicinae,Recurvidris,recurvispinosa,https://www.antweb.org/images/casent0010681/casent0010681_h_1_high.jpg,Fullface
Myrmicinae,Recurvidris,recurvispinosa,https://www.antweb.org/images/casent0010681/casent0010681_p_1_high.jpg,Profile
Myrmicinae,Rhopalomastix,rothneyi,https://www.antweb.org/images/casent0908323/casent0908323_d_1_high.jpg,Dorsal
Myrmicinae,Rhopalomastix,rothneyi,https://www.antweb.org/images/casent0908323/casent0908323_h_1_high.jpg,Fullface
Myrmicinae,Rhopalomastix,rothneyi,https://www.antweb.org/images/casent0908323/casent0908323_p_1_high.jpg,Profile
Myrmicinae,Solenopsis,nitens,https://www.antweb.org/images/casent0902364/casent0902364_d_1_high.jpg,Dorsal
Myrmicinae,Solenopsis,nitens,https://www.antweb.org/images/casent0902364/casent0902364_h_1_high.jpg,Fullface
Myrmicinae,Solenopsis,nitens,https://www.antweb.org/images/casent0902364/casent0902364_p_1_high.jpg,Profile
Myrmicinae,Solenopsis,geminata,https://www.antwiki.org/wiki/images/thumb/a/ad/Solenopsis_geminata_MCZ001D.jpg/800px-Solenopsis_geminata_MCZ001D.jpg,Dorsal
Myrmicinae,Solenopsis,geminata,https://www.antwiki.org/wiki/images/thumb/2/22/Solenopsis_geminata_MCZ001H.jpg/703px-Solenopsis_geminata_MCZ001H.jpg,Fullface
Myrmicinae,Solenopsis,geminata,https://www.antwiki.org/wiki/images/thumb/f/fa/Solenopsis_geminata_MCZ001L.jpg/800px-Solenopsis_geminata_MCZ001L.jpg,Profile
Myrmicinae,Stereomyrmex,horni,https://www.antweb.org/images/casent0178593/casent0178593_d_1_high.jpg,Dorsal
Myrmicinae,Stereomyrmex,horni,https://www.antweb.org/images/casent0178593/casent0178593_h_1_high.jpg,Fullface
Myrmicinae,Stereomyrmex,horni,https://www.antweb.org/images/casent0178593/casent0178593_p_1_high.jpg,Profile
Myrmicinae,Strumigenys,godeffroyi,https://www.antweb.org/images/casent0060226/casent0060226_d_1_high.jpg,Dorsal
Myrmicinae,Strumigenys,godeffroyi,https://www.antweb.org/images/casent0060226/casent0060226_h_1_high.jpg,Fullface
Myrmicinae,Strumigenys,godeffroyi,https://www.antweb.org/images/casent0060226/casent0060226_p_1_high.jpg,Profile
Myrmicinae,Strumigenys,innopinata,https://www.antweb.org/images/casent0911230/casent0911230_d_1_high.jpg,Dorsal
Myrmicinae,Strumigenys,innopinata,https://www.antweb.org/images/casent0911230/casent0911230_h_1_high.jpg,Fullface
Myrmicinae,Strumigenys,innopinata,https://www.antweb.org/images/casent0911230/casent0911230_p_1_high.jpg,Profile
Myrmicinae,Strumigenys,lyroessa,https://www.antweb.org/images/casent0280737/casent0280737_d_1_high.jpg,Dorsal
Myrmicinae,Strumigenys,lyroessa,https://www.antweb.org/images/casent0280737/casent0280737_h_1_high.jpg,Fullface
Myrmicinae,Strumigenys,lyroessa,https://www.antweb.org/images/casent0280737/casent0280737_p_1_high.jpg,Profile
Myrmicinae,Strumigenys,veddha,https://www.antweb.org/images/casent0911244/casent0911244_d_1_high.jpg,Dorsal
Myrmicinae,Strumigenys,veddha,https://www.antweb.org/images/casent0911244/casent0911244_h_1_high.jpg,Fullface
Myrmicinae,Strumigenys,veddha,https://www.antweb.org/images/casent0911244/casent0911244_p_1_high.jpg,Profile
Myrmicinae,Tetramorium,bicarinatum,https://antwiki.org/wiki/images/4/4f/Tetramorium_bicarinatum_casent0005826_dorsal_1.jpg,Dorsal
Myrmicinae,Tetramorium,bicarinatum,https://antwiki.org/wiki/images/e/e5/Tetramorium_bicarinatum_casent0005826_head_1.jpg,Fullface
Myrmicinae,Tetramorium,bicarinatum,https://antwiki.org/wiki/images/b/b9/Tetramorium_bicarinatum_casent0005826_profile_1.jpg,Profile
Myrmicinae,Tetramorium,curvispinosum,https://antwiki.org/wiki/images/thumb/e/e3/Tetramorium_curvispinosum_casent0280895_d_1_high.jpg/1200px-Tetramorium_curvispinosum_casent0280895_d_1_high.jpg,Dorsal
Myrmicinae,Tetramorium,curvispinosum,https://antwiki.org/wiki/images/5/5b/Tetramorium_curvispinosum_casent0280895_h_1_high.jpg,Fullface
Myrmicinae,Tetramorium,curvispinosum,https://antwiki.org/wiki/images/9/90/Tetramorium_curvispinosum_casent0280895_p_1_high.jpg,Profile
Myrmicinae,Tetramorium,obesum,https://antwiki.org/wiki/images/7/7c/Tetramorium_obesum_casent0280874_d_1_high.jpg,Dorsal
Myrmicinae,Tetramorium,obesum,https://antwiki.org/wiki/images/e/e6/Tetramorium_obesum_casent0280874_h_1_high.jpg,Fullface
Myrmicinae,Tetramorium,obesum,https://antwiki.org/wiki/images/f/f6/Tetramorium_obesum_casent0280874_p_1_high.jpg,Profile
Myrmicinae,Tetramorium,pacificum,https://antwiki.org/wiki/images/4/49/Tetramorium_pacificum_casent0005829_dorsal_1.jpg,Dorsal
Myrmicinae,Tetramorium,pacificum,https://antwiki.org/wiki/images/4/44/Tetramorium_pacificum_casent0005829_head_1.jpg,Fullface
Myrmicinae,Tetramorium,pacificum,https://antwiki.org/wiki/images/1/18/Tetramorium_pacificum_casent0005829_profile_1.jpg,Profile
Myrmicinae,Tetramorium,pilosum,https://antwiki.org/wiki/images/d/d4/Tetramorium_pilosum_casent0280881_d_1_high.jpg,Dorsal
Myrmicinae,Tetramorium,pilosum,https://antwiki.org/wiki/images/c/c2/Tetramorium_pilosum_casent0280881_h_1_high.jpg,Fullface
Myrmicinae,Tetramorium,pilosum,https://antwiki.org/wiki/images/a/a8/Tetramorium_pilosum_casent0280881_p_1_high.jpg,Profile
Myrmicinae,Tetramorium,simillimum,https://antwiki.org/wiki/images/a/a9/Tetramorium_simillimum_casent0005830_dorsal_1.jpg,Dorsal
Myrmicinae,Tetramorium,simillimum,https://antwiki.org/wiki/images/thumb/0/06/Tetramorium_simillimum_casent0005830_head_1.jpg/1200px-Tetramorium_simillimum_casent0005830_head_1.jpg,Fullface
Myrmicinae,Tetramorium,simillimum,https://antwiki.org/wiki/images/0/0a/Tetramorium_simillimum_casent0005830_profile_1.jpg,Profile
Myrmicinae,Tetramorium,tonganum,https://antwiki.org/wiki/images/8/88/Tetramorium_tonganum_casent0103250_dorsal_1.jpg,Dorsal
Myrmicinae,Tetramorium,tonganum,https://antwiki.org/wiki/images/9/97/Tetramorium_tonganum_casent0103250_head_1.jpg,Fullface
Myrmicinae,Tetramorium,tonganum,https://antwiki.org/wiki/images/b/bc/Tetramorium_tonganum_casent0103250_profile_1.jpg,Profile
Myrmicinae,Tetramorium,tortuosum,https://antwiki.org/wiki/images/0/00/Tetramorium_tortuosum_casent0280879_d_1_high.jpg,Dorsal
Myrmicinae,Tetramorium,tortuosum,https://antwiki.org/wiki/images/c/cb/Tetramorium_tortuosum_casent0280879_h_1_high.jpg,Fullface
Myrmicinae,Tetramorium,tortuosum,https://antwiki.org/wiki/images/thumb/a/a7/Tetramorium_tortuosum_casent0280879_p_1_high.jpg/1200px-Tetramorium_tortuosum_casent0280879_p_1_high.jpg,Profile
Myrmicinae,Tetramorium,walshi,https://antwiki.org/wiki/images/thumb/7/7b/Tetramorium_walshi_casent0280877_d_1_high.jpg/1200px-Tetramorium_walshi_casent0280877_d_1_high.jpg,Dorsal
Myrmicinae,Tetramorium,walshi,https://antwiki.org/wiki/images/c/c1/Tetramorium_walshi_casent0280877_h_1_high.jpg,Fullface
Myrmicinae,Tetramorium,walshi,https://antwiki.org/wiki/images/a/a0/Tetramorium_walshi_casent0280877_p_1_high.jpg,Profile
Myrmicinae,Tetramorium,yerburyi,https://antwiki.org/wiki/images/c/cb/Tetramorium_yerburyi_casent0280880_d_1_high.jpg,Dorsal
Myrmicinae,Tetramorium,yerburyi,https://antwiki.org/wiki/images/2/26/Tetramorium_yerburyi_casent0280880_h_1_high.jpg,Fullface
Myrmicinae,Tetramorium,yerburyi,https://antwiki.org/wiki/images/thumb/b/b2/Tetramorium_yerburyi_casent0280880_p_1_high.jpg/1200px-Tetramorium_yerburyi_casent0280880_p_1_high.jpg,Profile
Myrmicinae,Trichomyrmex,aberrans,https://antwiki.org/wiki/images/1/15/Monomorium_aberrans_casent0908722_d_1_high.jpg,Dorsal
Myrmicinae,Trichomyrmex,aberrans,https://antwiki.org/wiki/images/8/82/Monomorium_aberrans_casent0908722_h_1_high.jpg,Fullface
Myrmicinae,Trichomyrmex,aberrans,https://antwiki.org/wiki/images/thumb/c/ca/Monomorium_aberrans_casent0908722_p_1_high.jpg/1200px-Monomorium_aberrans_casent0908722_p_1_high.jpg,Profile
Myrmicinae,Trichomyrmex,criniceps,https://antwiki.org/wiki/images/2/2c/Monomorium_criniceps_casent0106263_d_1_high.jpg,Dorsal
Myrmicinae,Trichomyrmex,criniceps,https://antwiki.org/wiki/images/7/70/Monomorium_criniceps_casent0106263_h_1_high.jpg,Fullface
Myrmicinae,Trichomyrmex,criniceps,https://antwiki.org/wiki/images/8/87/Monomorium_criniceps_casent0106263_p_1_high.jpg,Profile
Myrmicinae,Trichomyrmex,destructor,https://antwiki.org/wiki/images/4/45/Monomorium_destructor_casent0008623_dorsal_1.jpg,Dorsal
Myrmicinae,Trichomyrmex,destructor,https://antwiki.org/wiki/images/d/da/Monomorium_destructor_casent0008623_head_1.jpg,Fullface
Myrmicinae,Trichomyrmex,destructor,https://antwiki.org/wiki/images/thumb/f/fe/Monomorium_destructor_casent0008623_profile_1.jpg/1200px-Monomorium_destructor_casent0008623_profile_1.jpg,Profile
Myrmicinae,Trichomyrmex,emeryi,https://antwiki.org/wiki/images/2/2f/Monomorium_emeryi_casent0908727_d_1_high.jpg,Dorsal
Myrmicinae,Trichomyrmex,emeryi,https://antwiki.org/wiki/images/3/3e/Monomorium_emeryi_casent0908727_h_1_high.jpg,Fullface
Myrmicinae,Trichomyrmex,emeryi,https://antwiki.org/wiki/images/c/c3/Monomorium_emeryi_casent0908727_p_1_high.jpg,Profile
Myrmicinae,Tyrannomyrmex,legatus,https://www.antweb.org/images/casent0106177/casent0106177_d_1_high.jpg,Dorsal
Myrmicinae,Tyrannomyrmex,legatus,https://www.antweb.org/images/casent0106177/casent0106177_h_1_high.jpg,Fullface
Myrmicinae,Tyrannomyrmex,legatus,https://www.antweb.org/images/casent0106177/casent0106177_p_1_high.jpg,Profile
Myrmicinae,Vollenhovia,escherichi,https://www.antweb.org/images/casent0908656/casent0908656_d_1_high.jpg,Dorsal
Myrmicinae,Vollenhovia,escherichi,https://www.antweb.org/images/casent0908656/casent0908656_h_1_high.jpg,Fullface
Myrmicinae,Vollenhovia,escherichi,https://www.antweb.org/images/casent0908656/casent0908656_p_1_high.jpg,Profile
Ponerinae,Anochetus,graeffei,https://antwiki.org/wiki/images/thumb/b/b0/Anochetus_graeffei_casent0172373_dorsal_1.jpg/1200px-Anochetus_graeffei_casent0172373_dorsal_1.jpg,Dorsal
Ponerinae,Anochetus,graeffei,https://antwiki.org/wiki/images/1/10/Anochetus_graeffei_casent0172373_head_1.jpg,Fullface
Ponerinae,Anochetus,graeffei,https://antwiki.org/wiki/images/e/e6/Anochetus_graeffei_casent0172373_profile_1.jpg,Profile
Ponerinae,Anochetus,longifossatus,https://antwiki.org/wiki/images/1/1c/Anochetus_longifossatus_casent0281880_d_1_high.jpg,Dorsal
Ponerinae,Anochetus,longifossatus,https://antwiki.org/wiki/images/b/ba/Anochetus_longifossatus_casent0281880_h_1_high.jpg,Fullface
Ponerinae,Anochetus,longifossatus,https://antwiki.org/wiki/images/9/9a/Anochetus_longifossatus_casent0281880_p_1_high.jpg,Profile
Ponerinae,Anochetus,madaraszi,https://antwiki.org/wiki/images/thumb/f/f9/Anochetus_madaraszi_casent0281885_d_1_high.jpg/1200px-Anochetus_madaraszi_casent0281885_d_1_high.jpg,Dorsal
Ponerinae,Anochetus,madaraszi,https://antwiki.org/wiki/images/4/4a/Anochetus_madaraszi_casent0281885_h_1_high.jpg,Fullface
Ponerinae,Anochetus,madaraszi,https://antwiki.org/wiki/images/thumb/1/13/Anochetus_madaraszi_casent0281885_p_1_high.jpg/1200px-Anochetus_madaraszi_casent0281885_p_1_high.jpg,Profile
Ponerinae,Anochetus,sedilloti,https://antwiki.org/wiki/images/thumb/3/34/Anochetus_sedilloti_sam-hym-c002796_dorsal_1.jpg/1200px-Anochetus_sedilloti_sam-hym-c002796_dorsal_1.jpg,Dorsal
Ponerinae,Anochetus,sedilloti,https://antwiki.org/wiki/images/4/4d/Anochetus_sedilloti_sam-hym-c002796_head_1.jpg,Fullface
Ponerinae,Anochetus,sedilloti,https://antwiki.org/wiki/images/thumb/5/5b/Anochetus_sedilloti_sam-hym-c002796_profile_1.jpg/1200px-Anochetus_sedilloti_sam-hym-c002796_profile_1.jpg,Profile
Ponerinae,Anochetus,yerburyi,https://antwiki.org/wiki/images/thumb/1/15/Anochetus_yerburyi_casent0281884_d_1_high.jpg/1200px-Anochetus_yerburyi_casent0281884_d_1_high.jpg,Dorsal
Ponerinae,Anochetus,yerburyi,https://antwiki.org/wiki/images/2/29/Anochetus_yerburyi_casent0281884_h_1_high.jpg,Fullface
Ponerinae,Anochetus,yerburyi,https://antwiki.org/wiki/images/7/79/Anochetus_yerburyi_casent0281884_p_1_high.jpg,Profile
Ponerinae,Anochetus,obscurior,https://antwiki.org/wiki/images/0/02/Anochetus_obscurior_casent0281883_d_1_high.jpg,Dorsal
Ponerinae,Anochetus,obscurior,https://antwiki.org/wiki/images/2/21/Anochetus_obscurior_casent0281883_h_1_high.jpg,Fullface
Ponerinae,Anochetus,obscurior,https://antwiki.org/wiki/images/3/33/Anochetus_obscurior_casent0281883_p_1_high.jpg,Profile
Ponerinae,Brachyponera,obscurans,https://antwiki.org/wiki/images/thumb/d/d7/Pachycondyla_obscurans_casent0056032_dorsal_1.jpg/1199px-Pachycondyla_obscurans_casent0056032_dorsal_1.jpg,Dorsal
Ponerinae,Brachyponera,obscurans,https://antwiki.org/wiki/images/b/b0/Pachycondyla_obscurans_casent0056032_head_1.jpg,Fullface
Ponerinae,Brachyponera,obscurans,https://antwiki.org/wiki/images/0/09/Pachycondyla_obscurans_casent0056032_profile_1.jpg,Profile
Ponerinae,Centromyrmex,feae,https://antwiki.org/wiki/images/thumb/b/b9/Centromyrmex_feae_casent0102120_dorsal_1.jpg/1200px-Centromyrmex_feae_casent0102120_dorsal_1.jpg,Dorsal
Ponerinae,Centromyrmex,feae,https://www.antweb.org/images/casent0907210/casent0907210_d_1_high.jpg,Dorsal
Ponerinae,Centromyrmex,feae,https://antwiki.org/wiki/images/f/f2/Centromyrmex_feae_casent0102120_head_1.jpg,Fullface
Ponerinae,Centromyrmex,feae,https://www.antweb.org/images/casent0907210/casent0907210_h_1_high.jpg,Fullface
Ponerinae,Centromyrmex,feae,https://antwiki.org/wiki/images/thumb/8/8b/Centromyrmex_feae_casent0102120_profile_1.jpg/1200px-Centromyrmex_feae_casent0102120_profile_1.jpg,Profile
Ponerinae,Centromyrmex,feae,https://www.antweb.org/images/casent0907210/casent0907210_p_1_high.jpg,Profile
Ponerinae,Cryptopone,testacea,https://www.antweb.org/images/casent0106308/casent0106308_d_1_high.jpg,Dorsal
Ponerinae,Cryptopone,testacea,https://www.antweb.org/images/casent0106308/casent0106308_h_1_high.jpg,Fullface
Ponerinae,Cryptopone,testacea,https://www.antweb.org/images/casent0106308/casent0106308_p_1_high.jpg,Profile
Ponerinae,Diacamma,ceylonense,https://www.antweb.org/images/casent0903871/casent0903871_d_1_high.jpg,Dorsal
Ponerinae,Diacamma,ceylonense,https://www.antweb.org/images/casent0903871/casent0903871_h_1_high.jpg,Fullface
Ponerinae,Diacamma,ceylonense,https://www.antweb.org/images/casent0903871/casent0903871_p_1_high.jpg,Profile
Ponerinae,Diacamma,cyaneiventre,https://antwiki.org/wiki/images/9/93/Diacamma_cyaneiventre_casent0913724_d_1_high.jpg,Dorsal
Ponerinae,Diacamma,cyaneiventre,https://antwiki.org/wiki/images/e/e0/Diacamma_cyaneiventre_casent0913724_h_1_high.jpg,Fullface
Ponerinae,Diacamma,cyaneiventre,https://antwiki.org/wiki/images/thumb/7/7c/Diacamma_cyaneiventre_casent0913724_p_1_high.jpg/1200px-Diacamma_cyaneiventre_casent0913724_p_1_high.jpg,Profile
Ponerinae,Diacamma,indicum,https://antwiki.org/wiki/images/9/90/Diacamma_indicum_casent0260416_d_1_high.jpg,Dorsal
Ponerinae,Diacamma,indicum,https://antwiki.org/wiki/images/4/4a/Diacamma_indicum_casent0260416_h_1_high.jpg,Fullface
Ponerinae,Diacamma,indicum,https://antwiki.org/wiki/images/6/60/Diacamma_indicum_casent0260416_p_1_high.jpg,Profile
Ponerinae,Diacamma,rugosum,https://antwiki.org/wiki/images/thumb/5/5e/Diacamma-rugosum-2D1.jpg/1196px-Diacamma-rugosum-2D1.jpg,Dorsal
Ponerinae,Diacamma,rugosum,https://antwiki.org/wiki/images/thumb/7/73/Diacamma-rugosum-2H1.jpg/1196px-Diacamma-rugosum-2H1.jpg,Fullface
Ponerinae,Diacamma,rugosum,https://antwiki.org/wiki/images/thumb/5/53/Diacamma-rugosum-2L1.jpg/1196px-Diacamma-rugosum-2L1.jpg,Profile
Ponerinae,Hypoponera,ceylonensis,https://www.antwiki.org/wiki/images/thumb/0/09/Hypoponera_ceylonensis_casent0922435_d_1_high.jpg/1200px-Hypoponera_ceylonensis_casent0922435_d_1_high.jpg,Dorsal
Ponerinae,Hypoponera,ceylonensis,https://www.antwiki.org/wiki/images/f/f7/Hypoponera_ceylonensis_casent0922435_h_1_high.jpg,Fullface
Ponerinae,Hypoponera,ceylonensis,https://www.antwiki.org/wiki/images/thumb/0/05/Hypoponera_ceylonensis_casent0922435_p_1_high.jpg/1200px-Hypoponera_ceylonensis_casent0922435_p_1_high.jpg,Profile
Ponerinae,Hypoponera,confinis,https://www.antwiki.org/wiki/images/thumb/6/64/Hypoponera_confinis_casent0178377_d_1_high.jpg/1200px-Hypoponera_confinis_casent0178377_d_1_high.jpg,Dorsal
Ponerinae,Hypoponera,confinis,https://www.antwiki.org/wiki/images/e/e0/Hypoponera_confinis_casent0178377_h_1_high.jpg,Fullface
Ponerinae,Hypoponera,confinis,https://www.antwiki.org/wiki/images/7/76/Hypoponera_confinis_casent0178377_p_1_high.jpg,Profile
Ponerinae,Hypoponera,ragusai,https://www.antwiki.org/wiki/images/thumb/e/ee/Hypoponera_ragusai_casent0102273_dorsal_1.jpg/1200px-Hypoponera_ragusai_casent0102273_dorsal_1.jpg,Dorsal
Ponerinae,Hypoponera,ragusai,https://www.antwiki.org/wiki/images/c/c6/Hypoponera_ragusai_casent0102273_head_1.jpg,Fullface
Ponerinae,Hypoponera,ragusai,https://www.antwiki.org/wiki/images/thumb/7/7b/Hypoponera_ragusai_casent0102273_profile_1.jpg/1200px-Hypoponera_ragusai_casent0102273_profile_1.jpg,Profile
Ponerinae,Harpegnathos,saltator,https://www.antwiki.org/wiki/images/thumb/f/f0/Harpegnathos_saltator_casent0101783_dorsal_1.jpg/1200px-Harpegnathos_saltator_casent0101783_dorsal_1.jpg,Dorsal
Ponerinae,Harpegnathos,saltator,https://www.antwiki.org/wiki/images/9/95/Harpegnathos_saltator_casent0101783_head_1.jpg,Fullface
Ponerinae,Harpegnathos,saltator,https://www.antwiki.org/wiki/images/1/1a/Harpegnathos_saltator_casent0101783_profile_1.jpg,Profile
Ponerinae,Leptogenys,chinensis,https://www.antwiki.org/wiki/images/thumb/8/80/Leptogenys_chinensis_casent0270544_d_1_high.jpg/1200px-Leptogenys_chinensis_casent0270544_d_1_high.jpg,Dorsal
Ponerinae,Leptogenys,chinensis,https://www.antwiki.org/wiki/images/8/8a/Leptogenys_chinensis_casent0270544_h_1_high.jpg,Fullface
Ponerinae,Leptogenys,chinensis,https://www.antwiki.org/wiki/images/d/dd/Leptogenys_chinensis_casent0270544_p_1_high.jpg,Profile
Ponerinae,Leptogenys,diminuta,https://www.antwiki.org/wiki/images/6/69/Leptogenys_diminuta_casent0106010_dorsal_1.jpg,Dorsal
Ponerinae,Leptogenys,diminuta,https://www.antwiki.org/wiki/images/f/f9/Leptogenys_diminuta_casent0106010_head_1.jpg,Fullface
Ponerinae,Leptogenys,diminuta,https://www.antwiki.org/wiki/images/7/73/Leptogenys_diminuta_casent0106010_profile_1.jpg,Profile
Ponerinae,Leptogenys,falcigera,https://www.antwiki.org/wiki/images/5/52/Leptogenys_falcigera_casent0003814_dorsal_1.jpg,Dorsal
Ponerinae,Leptogenys,falcigera,https://www.antwiki.org/wiki/images/5/5a/Leptogenys_falcigera_casent0003814_head_1.jpg,Fullface
Ponerinae,Leptogenys,falcigera,https://www.antwiki.org/wiki/images/5/58/Leptogenys_falcigera_casent0003814_profile_1.jpg,Profile
Ponerinae,Leptogenys,hysterica,https://www.antwiki.org/wiki/images/thumb/6/6d/Leptogenys_hysterica_casent0915229_d_1_high.jpg/1200px-Leptogenys_hysterica_casent0915229_d_1_high.jpg,Dorsal
Ponerinae,Leptogenys,hysterica,https://www.antwiki.org/wiki/images/e/e1/Leptogenys_hysterica_casent0915229_h_1_high.jpg,Fullface
Ponerinae,Leptogenys,hysterica,https://www.antwiki.org/wiki/images/thumb/e/e2/Leptogenys_hysterica_casent0915229_p_1_high.jpg/1200px-Leptogenys_hysterica_casent0915229_p_1_high.jpg,Profile
Ponerinae,Leptogenys,peuqueti,https://www.antwiki.org/wiki/images/thumb/4/4a/Leptogenys_peuqueti_casent0281935_d_1_high.jpg/1200px-Leptogenys_peuqueti_casent0281935_d_1_high.jpg,Dorsal
Ponerinae,Leptogenys,peuqueti,https://www.antwiki.org/wiki/images/thumb/0/01/Leptogenys_peuqueti_casent0281935_h_1_high.jpg/1200px-Leptogenys_peuqueti_casent0281935_h_1_high.jpg,Fullface
Ponerinae,Leptogenys,peuqueti,https://www.antwiki.org/wiki/images/thumb/6/6d/Leptogenys_peuqueti_casent0281935_p_1_high.jpg/1200px-Leptogenys_peuqueti_casent0281935_p_1_high.jpg,Profile
Ponerinae,Leptogenys,processionalis,https://www.antwiki.org/wiki/images/0/07/Leptogenys_processionalis_casent0217534_d_1_high.jpg,Dorsal
Ponerinae,Leptogenys,processionalis,https://www.antwiki.org/wiki/images/1/1d/Leptogenys_processionalis_casent0217534_h_1_high.jpg,Fullface
Ponerinae,Leptogenys,processionalis,https://www.antwiki.org/wiki/images/2/23/Leptogenys_processionalis_casent0217534_p_1_high.jpg,Profile
Ponerinae,Leptogenys,pruinosa,https://www.antwiki.org/wiki/images/thumb/f/f5/Leptogenys_pruinosa_casent0281920_d_1_high.jpg/1200px-Leptogenys_pruinosa_casent0281920_d_1_high.jpg,Dorsal
Ponerinae,Leptogenys,pruinosa,https://www.antwiki.org/wiki/images/1/13/Leptogenys_pruinosa_casent0281920_h_1_high.jpg,Fullface
Ponerinae,Leptogenys,pruinosa,https://www.antwiki.org/wiki/images/thumb/4/4e/Leptogenys_pruinosa_casent0281920_p_1_high.jpg/1200px-Leptogenys_pruinosa_casent0281920_p_1_high.jpg,Profile
Ponerinae,Leptogenys,yerburyi,https://www.antwiki.org/wiki/images/thumb/8/8b/Leptogenys_yerburyi_casent0281927_d_1_high.jpg/1200px-Leptogenys_yerburyi_casent0281927_d_1_high.jpg,Dorsal
Ponerinae,Leptogenys,yerburyi,https://www.antwiki.org/wiki/images/e/e2/Leptogenys_yerburyi_casent0281927_h_1_high.jpg,Fullface
Ponerinae,Leptogenys,yerburyi,https://www.antwiki.org/wiki/images/6/6b/Leptogenys_yerburyi_casent0281927_p_1_high.jpg,Profile
Ponerinae,Mesoponera,melanaria,https://www.antwiki.org/wiki/images/6/67/Pachycondyla_melanaria_casent0189297_dorsal_1.jpg,Dorsal
Ponerinae,Mesoponera,melanaria,https://www.antwiki.org/wiki/images/8/82/Pachycondyla_melanaria_casent0189297_head_1.jpg,Fullface
Ponerinae,Mesoponera,melanaria,https://www.antwiki.org/wiki/images/7/73/Pachycondyla_melanaria_casent0189297_profile_1.jpg,Profile
Ponerinae,Myopias ,amblyops,https://www.antwiki.org/wiki/images/thumb/6/63/Myopias_amblyops_casent0104584_dorsal_1.jpg/1200px-Myopias_amblyops_casent0104584_dorsal_1.jpg,Dorsal
Ponerinae,Myopias ,amblyops,https://www.antwiki.org/wiki/images/8/87/Myopias_amblyops_casent0104584_head_1.jpg,Fullface
Ponerinae,Myopias ,amblyops,https://www.antwiki.org/wiki/images/thumb/b/ba/Myopias_amblyops_casent0104584_profile_1.jpg/1200px-Myopias_amblyops_casent0104584_profile_1.jpg,Profile
Ponerinae,Odontomachus ,simillimus,https://www.antwiki.org/wiki/images/f/f6/Odontomachus_simillimus_casent0178390_dorsal_1.jpg,Dorsal
Ponerinae,Odontomachus ,simillimus,https://www.antwiki.org/wiki/images/9/92/Odontomachus_simillimus_casent0178390_head_1.jpg,Fullface
Ponerinae,Odontomachus ,simillimus,https://www.antwiki.org/wiki/images/2/24/Odontomachus_simillimus_casent0178390_profile_1.jpg,Profile
Ponerinae,Platythyrea,clypeata,https://www.antwiki.org/wiki/images/thumb/2/26/Platythyrea_clypeata_casent0281866_d_1_high.jpg/1200px-Platythyrea_clypeata_casent0281866_d_1_high.jpg,Dorsal
Ponerinae,Platythyrea,clypeata,https://www.antwiki.org/wiki/images/b/b2/Platythyrea_clypeata_casent0281866_h_1_high.jpg,Fullface
Ponerinae,Platythyrea,clypeata,https://www.antwiki.org/wiki/images/2/2e/Platythyrea_clypeata_casent0281866_p_1_high.jpg,Profile
Ponerinae,Platythyrea,parallela,https://www.antwiki.org/wiki/images/2/29/Platythyrea_parallela_casent0102279_dorsal_1.jpg,Dorsal
Ponerinae,Platythyrea,parallela,https://www.antwiki.org/wiki/images/f/fb/Platythyrea_parallela_casent0102279_head_1.jpg,Fullface
Ponerinae,Platythyrea,parallela,https://www.antwiki.org/wiki/images/8/88/Platythyrea_parallela_casent0102279_profile_1.jpg,Profile
Ponerinae,Pseudoneoponera,rufipes,https://www.antwiki.org/wiki/images/5/5f/Pachycondyla_rufipes_casent0217566_d_1_high.jpg,Dorsal
Ponerinae,Pseudoneoponera,rufipes,https://www.antwiki.org/wiki/images/5/52/Pachycondyla_rufipes_casent0217566_h_1_high.jpg,Fullface
Ponerinae,Pseudoneoponera,rufipes,https://www.antwiki.org/wiki/images/d/dd/Pachycondyla_rufipes_casent0217566_p_1_high.jpg,Profile
Pseudomyrmecinae,Tetraponera,allaborans,https://www.antweb.org/images/casent0103239/casent0103239_d_1_high.jpg,Dorsal
Pseudomyrmecinae,Tetraponera,allaborans,https://www.antweb.org/images/casent0103239/casent0103239_h_1_high.jpg,Fullface
Pseudomyrmecinae,Tetraponera,allaborans,https://www.antweb.org/images/casent0103239/casent0103239_p_1_high.jpg,Profile
Pseudomyrmecinae,Tetraponera,nigra,https://www.antweb.org/images/casent0103313/casent0103313_d_1_high.jpg,Dorsal
Pseudomyrmecinae,Tetraponera,nigra,https://www.antweb.org/images/casent0103313/casent0103313_h_1_high.jpg,Fullface
Pseudomyrmecinae,Tetraponera,nigra,https://www.antweb.org/images/casent0103313/casent0103313_p_1_high.jpg,Profile
Pseudomyrmecinae,Tetraponera,nitida,https://www.antweb.org/images/casent0246307/casent0246307_d_1_high.jpg,Dorsal
Pseudomyrmecinae,Tetraponera,nitida,https://antwiki.org/wiki/images/thumb/c/c4/Tetraponera_nitida_casent0172004_dorsal_1.jpg/1199px-Tetraponera_nitida_casent0172004_dorsal_1.jpg,Dorsal
Pseudomyrmecinae,Tetraponera,nitida,https://antwiki.org/wiki/images/1/14/Tetraponera_nitida_casent0172004_head_1.jpg,Fullface
Pseudomyrmecinae,Tetraponera,nitida,https://www.antweb.org/images/casent0246307/casent0246307_h_1_high.jpg,Fullface
Pseudomyrmecinae,Tetraponera,nitida,https://www.antweb.org/images/casent0246307/casent0246307_p_1_high.jpg,Profile
Pseudomyrmecinae,Tetraponera,nitida,https://antwiki.org/wiki/images/thumb/1/17/Tetraponera_nitida_casent0172004_profile_1.jpg/1200px-Tetraponera_nitida_casent0172004_profile_1.jpg,Profile
Pseudomyrmecinae,Tetraponera,rufonigra,https://antwiki.org/wiki/images/6/6a/Tetraponera_rufonigra_casent0106099_dorsal_1.jpg,Dorsal
Pseudomyrmecinae,Tetraponera,rufonigra,https://antwiki.org/wiki/images/8/8b/Tetraponera_rufonigra_casent0106099_head_1.jpg,Fullface
Pseudomyrmecinae,Tetraponera,rufonigra,https://antwiki.org/wiki/images/b/ba/Tetraponera_rufonigra_casent0106099_profile_1.jpg,Profile
